Name,Coordinates,Adjacents
38,"0.762211,0.928939","86,42,17,84,106,39,123,71,53,121,81,95,99,75,93,79,59,101,80,137,91,36,130,51,134,32,65,74,24,66,140,58,105,13,108,7,49,41,100,61,16,143,60,14,107,22,145,97,55,35,47,115,147,30,136,10,119,112,88,133,109,117,52,118,19,3,96,12,94,64,83,21,31,46,135,122,70,120,116,92,26,110,50,34,82,4,148,67,63,139,104,87,102,73,29,76,11,141,8,77,25,129,132,1,69,78,37,54,15,27,57,72,85,126,144,127,149,131,98,40,128,89,45,5,20,6,43,146,44,18,33,124,48,111,28,90,0,56,103,62,23,142,9,113,68,138,114,125,2"
39,"0.806217,0.873769","81,17,99,86,121,53,38,42,75,123,95,80,106,91,84,59,71,137,130,51,93,79,32,101,74,24,140,36,134,65,108,13,66,41,105,16,49,58,61,22,14,145,60,100,7,55,136,10,47,133,143,52,107,119,35,115,112,97,118,147,117,31,83,96,19,64,30,12,21,88,94,109,122,3,50,26,92,70,148,120,116,46,104,135,34,141,11,73,87,1,37,102,67,8,4,82,15,27,139,110,132,54,29,76,77,85,149,63,69,129,128,40,57,98,78,25,127,6,89,146,131,45,5,126,33,72,144,43,111,20,124,18,56,28,44,0,48,23,103,90,62,9,142,68,113,138,114,125,2"
56,"0.768814,0.049802","40,23,146,149,89,103,85,6,141,11,15,54,98,128,33,50,1,27,111,148,132,73,8,37,104,31,122,28,68,9,21,10,133,83,26,87,136,55,119,118,47,52,0,64,14,112,57,102,127,124,61,22,145,96,69,16,62,45,60,41,117,142,92,77,108,19,12,94,114,5,13,18,34,115,24,32,43,49,129,74,29,131,130,51,35,67,140,78,76,120,113,138,70,100,65,105,91,125,66,139,80,116,134,2,75,59,95,4,147,121,81,99,137,82,36,97,25,39,90,106,17,88,38,44,86,53,107,20,58,42,123,93,79,48,101,84,71,143,135,126,30,63,7,109,3,46,110,144,72"
84,"0.778270,0.991985","42,71,123,86,38,17,53,106,39,121,81,93,79,99,101,95,75,137,59,80,91,36,130,51,134,32,58,65,74,140,7,24,66,105,13,108,49,143,41,100,16,61,107,60,14,22,97,145,30,55,35,147,115,47,109,136,88,10,3,119,112,133,52,117,118,19,46,96,12,94,64,83,135,21,31,110,70,122,116,120,92,26,82,63,4,34,50,67,139,148,87,104,102,76,29,73,25,72,11,141,144,77,129,8,1,78,37,132,69,126,15,27,54,57,85,127,149,131,98,20,128,40,45,5,89,6,43,44,146,48,18,33,124,111,90,28,0,56,103,62,23,142,113,9,68,138,114,125,2"
91,"0.782461,0.756358","80,75,95,130,59,121,32,81,51,99,39,74,24,108,17,38,140,86,106,137,53,13,42,41,123,65,134,16,61,84,36,66,71,14,49,93,79,105,101,22,60,145,55,10,136,47,100,133,58,119,52,112,115,118,35,117,31,83,96,21,64,7,19,97,12,107,147,94,122,143,50,26,148,88,92,104,30,141,11,73,87,70,120,1,8,34,116,109,37,15,132,102,54,27,85,149,67,3,77,29,40,139,4,69,98,128,82,76,135,89,57,129,6,127,46,78,146,25,45,131,33,110,63,5,111,43,56,28,124,18,126,0,103,23,20,44,144,72,62,48,90,9,142,68,113,138,114,125,2"
96,"0.481310,0.459852","117,64,19,12,94,112,118,92,115,119,26,83,21,47,87,102,35,60,34,77,122,69,49,57,29,104,120,127,67,70,100,129,73,14,8,13,76,61,41,116,45,132,105,148,78,5,139,131,147,66,65,43,124,4,108,18,134,54,98,10,97,28,85,0,82,11,33,111,25,89,55,62,88,50,36,31,32,146,133,141,107,16,59,130,40,142,137,136,80,91,58,24,9,95,74,22,51,75,149,113,20,103,44,68,90,145,121,135,143,15,138,30,114,48,126,63,56,106,52,1,109,93,79,81,101,140,39,27,99,6,125,7,128,38,86,37,3,46,17,110,42,71,53,23,84,123,2,144,72"
101,"0.613203,0.959682","79,93,106,137,71,36,38,86,84,58,121,42,7,59,95,39,134,17,123,75,53,65,80,66,81,143,105,91,99,107,100,49,130,97,30,32,13,51,109,147,88,74,108,3,24,41,35,60,140,115,61,46,14,135,47,16,110,112,117,19,119,12,94,96,118,70,22,116,64,120,63,55,145,82,10,83,4,136,21,92,139,133,34,67,72,144,25,76,26,122,126,29,52,129,78,102,31,87,77,20,69,104,148,131,73,57,44,50,127,8,48,132,5,11,43,45,141,54,90,85,18,98,124,1,15,89,149,37,40,27,146,0,33,28,111,128,6,62,113,142,56,138,103,9,68,23,114,125,2"
12,"0.435150,0.487928","94,19,117,96,115,92,64,35,112,34,118,102,26,119,120,77,70,87,83,67,29,47,69,21,60,129,116,49,76,100,57,139,127,78,147,131,122,105,45,5,4,104,66,13,43,65,14,97,82,41,73,61,8,18,134,124,132,25,148,88,108,0,28,107,54,98,36,10,62,85,33,111,11,20,44,58,59,137,89,142,32,90,135,55,130,113,143,146,80,50,16,31,126,30,91,48,63,133,95,141,9,75,138,40,136,24,109,121,51,74,68,114,22,103,106,149,79,93,145,101,7,3,46,125,81,15,110,39,99,140,38,56,52,86,1,71,17,27,42,6,128,53,144,37,84,123,2,72,23"
148,"0.658668,0.272731","73,54,122,104,11,85,132,8,98,89,21,141,83,146,40,50,26,33,149,119,118,111,87,31,47,10,64,112,15,14,56,103,96,28,133,61,55,60,102,117,1,6,41,57,136,128,27,92,19,127,12,94,69,108,37,77,13,23,16,124,45,115,0,9,22,68,145,52,49,34,5,35,62,29,32,18,129,24,142,130,67,131,43,74,100,120,105,76,51,65,78,66,70,134,116,114,91,139,140,80,59,147,75,4,95,113,36,97,138,137,121,82,81,25,99,125,39,88,107,106,58,38,90,86,17,44,2,20,93,79,53,101,42,143,123,48,135,71,84,30,126,63,7,109,3,46,110,144,72"
119,"0.590122,0.460235","47,118,112,83,21,60,64,96,117,122,14,26,61,19,41,12,94,13,115,49,104,87,148,92,73,108,10,35,8,102,132,100,55,105,54,65,34,11,66,69,77,57,31,85,133,98,16,50,127,134,32,136,141,120,130,29,89,70,67,45,129,22,147,24,33,146,116,40,76,59,111,74,145,91,51,5,80,28,124,78,139,149,131,36,97,75,95,137,15,43,0,18,52,4,121,1,140,82,103,27,107,88,56,62,81,58,6,128,37,99,25,106,39,9,142,68,93,79,38,101,86,143,17,23,42,53,30,113,135,71,114,20,123,44,7,84,138,90,109,63,126,48,3,125,46,110,2,144,72"
75,"0.773403,0.792652","80,91,95,121,59,81,39,99,130,32,38,51,86,17,106,53,74,137,42,24,123,84,140,108,71,65,13,134,36,93,79,101,41,66,61,105,16,49,14,60,22,145,58,55,100,47,10,136,133,119,112,115,35,52,7,118,117,97,107,143,83,147,96,19,31,64,21,12,94,122,88,30,50,26,92,148,109,70,104,120,116,73,11,87,141,34,3,8,102,1,132,67,37,15,54,135,27,4,139,82,85,29,46,77,149,76,69,129,98,40,57,128,78,89,127,110,6,25,63,146,131,45,5,33,111,43,126,124,28,18,56,20,0,144,44,72,103,23,48,90,62,9,142,68,113,138,114,125,2"
113,"0.101901,0.221533","138,125,18,43,142,62,5,114,131,124,45,2,0,78,129,127,90,77,69,57,29,76,67,34,102,139,44,28,9,92,25,48,20,120,4,87,68,70,116,82,94,26,12,19,111,96,64,33,117,126,8,104,132,115,73,35,118,21,98,83,112,147,122,103,119,54,63,148,85,89,47,146,88,100,97,135,60,49,11,105,40,107,66,14,61,13,56,65,41,30,141,110,144,134,109,50,46,149,10,143,3,108,72,58,31,36,15,55,133,23,137,6,59,136,16,1,32,128,7,130,27,80,91,95,22,24,75,37,145,74,51,121,79,101,93,106,52,81,39,140,38,99,86,71,17,42,84,53,123"
59,"0.701223,0.791364","95,80,121,75,91,137,106,39,81,65,134,130,38,36,86,99,32,66,93,17,79,42,13,101,51,105,53,71,108,74,49,123,84,24,41,61,58,60,140,100,14,16,47,35,115,7,22,119,112,55,97,107,145,143,10,147,118,117,136,19,96,133,12,64,83,94,21,88,30,52,122,31,109,92,26,70,120,116,3,34,148,50,87,104,135,67,102,4,73,82,46,139,29,8,76,11,77,141,132,129,69,110,54,78,63,57,25,85,127,1,15,98,37,27,131,149,40,45,89,5,126,43,128,146,6,20,33,18,124,111,144,28,44,72,0,48,56,90,103,62,23,142,9,113,68,138,114,125,2"
83,"0.579737,0.398815","21,118,119,122,112,64,47,26,96,104,117,73,87,148,60,8,19,12,132,14,94,92,61,102,115,41,54,10,11,13,98,85,49,57,69,77,35,127,108,34,89,50,31,33,55,141,111,146,45,133,28,40,100,29,105,124,129,16,136,5,67,120,65,66,149,70,0,76,32,131,134,15,78,18,116,22,43,130,103,139,147,145,24,1,56,74,62,51,9,52,59,91,4,80,27,6,97,68,128,142,36,75,37,95,82,137,140,121,25,88,23,107,114,58,81,113,99,39,106,138,93,79,44,143,20,38,101,90,86,135,17,30,125,42,53,48,126,63,71,109,123,7,84,3,2,46,110,144,72"
149,"0.821895,0.170362","141,15,40,6,50,11,128,1,56,27,85,146,89,23,54,37,31,148,98,132,73,8,104,122,103,133,10,33,136,111,55,21,52,83,14,26,22,145,119,47,16,118,61,28,87,112,41,64,108,60,68,9,96,13,102,117,57,24,127,32,92,19,69,12,74,0,94,124,130,51,77,45,140,115,49,62,5,34,142,35,91,18,80,65,29,129,105,114,66,75,43,100,131,59,67,134,95,120,76,78,70,81,99,121,116,139,39,137,147,36,113,138,4,97,106,17,125,38,53,86,82,42,123,25,58,2,93,79,107,88,101,84,71,90,44,20,143,48,30,135,7,126,63,109,3,46,110,144,72"
43,"0.218449,0.332252","131,5,18,129,45,78,29,77,69,76,127,57,124,34,67,113,102,139,0,62,138,92,120,142,70,116,4,87,90,25,94,125,12,114,19,44,82,26,28,96,20,64,117,48,115,35,9,118,112,21,104,83,2,8,68,147,111,132,73,33,119,126,122,47,98,100,97,148,88,60,54,49,63,85,135,89,105,103,146,66,107,11,14,13,65,61,41,134,40,30,109,141,10,108,143,110,50,36,58,46,56,144,3,149,31,55,137,133,59,72,15,32,16,136,130,7,80,91,95,75,6,1,24,22,23,121,74,51,128,79,101,93,145,27,106,37,52,81,39,38,140,99,86,71,17,42,84,53,123"
109,"0.243559,0.913317","30,3,46,143,110,107,135,88,97,63,7,58,72,144,147,126,82,100,36,4,105,116,25,66,134,70,35,101,79,65,93,120,137,20,139,115,49,44,48,67,76,106,94,12,19,59,34,78,29,71,117,90,129,95,121,96,92,38,60,13,86,112,131,80,84,75,64,42,91,118,39,77,47,119,41,17,43,123,102,81,69,61,108,53,5,130,14,99,83,32,26,57,21,87,127,18,45,51,74,24,122,124,113,104,16,10,140,138,0,73,8,55,148,62,132,22,142,133,145,136,28,125,54,98,31,11,85,111,33,50,114,89,52,141,9,146,40,68,2,149,15,103,1,27,37,56,128,6,23"
120,"0.283308,0.533682","70,116,67,139,76,4,34,29,78,129,82,25,94,35,92,12,19,147,131,115,77,117,96,43,69,102,5,97,100,20,64,88,44,57,127,45,18,90,112,87,48,126,26,118,135,49,105,107,63,119,124,66,83,60,47,21,65,134,30,113,0,109,143,62,122,13,104,138,58,36,8,142,73,110,46,41,28,3,14,61,132,148,137,125,108,144,114,111,98,7,33,59,54,72,9,85,10,95,80,79,11,101,93,89,32,68,91,130,75,121,106,146,55,2,16,50,31,24,51,103,141,133,74,40,136,38,39,81,86,22,71,99,149,145,42,17,84,140,15,56,53,123,52,1,6,27,128,37,23"
8,"0.575420,0.242707","132,73,104,98,54,148,85,122,33,89,26,111,21,87,11,146,83,28,40,118,64,102,119,103,57,141,127,112,96,47,69,50,92,149,124,117,77,0,45,56,9,19,12,94,68,31,10,14,60,15,5,62,61,34,18,115,41,142,133,6,55,29,129,1,43,128,131,13,23,27,35,136,67,108,49,76,78,114,120,37,16,70,22,139,116,100,145,52,105,113,32,65,66,138,4,130,147,24,134,74,125,51,82,25,91,97,80,59,140,75,2,36,95,90,137,88,44,121,20,107,81,48,58,99,39,106,126,135,143,38,93,79,63,86,101,30,17,53,42,109,123,71,7,84,3,46,110,144,72"
6,"0.914970,0.142417","128,15,27,1,149,37,23,141,40,50,56,11,31,146,89,85,54,148,133,98,136,10,52,55,103,132,73,122,8,104,33,145,22,111,16,21,83,14,61,47,119,26,118,41,108,28,87,112,60,64,24,13,68,74,9,32,96,51,140,130,117,102,57,127,19,92,12,69,0,94,124,49,77,115,45,91,80,62,75,35,5,34,142,65,59,18,105,66,95,99,81,29,100,114,134,129,121,43,131,67,39,120,76,78,70,137,36,116,139,17,147,53,38,106,86,113,42,138,123,4,97,125,84,93,79,82,101,71,58,25,107,2,88,143,90,44,20,7,30,135,48,109,126,63,3,46,110,144,72"
13,"0.671046,0.606373","41,61,108,60,14,49,47,32,65,130,119,66,112,105,134,91,59,80,118,24,16,51,74,75,10,95,115,100,55,117,83,96,64,21,35,137,121,19,36,22,12,133,136,122,94,145,81,140,99,39,26,106,31,92,148,38,147,86,104,52,93,17,79,58,97,87,73,101,50,42,53,8,102,11,34,132,123,71,120,107,70,84,141,54,116,77,85,69,67,88,29,57,98,143,127,76,129,15,139,89,149,7,40,1,4,78,146,27,82,45,37,30,33,5,131,111,128,6,28,109,124,43,25,135,18,0,56,3,103,63,46,62,20,110,126,23,9,44,142,68,90,48,113,138,114,144,72,125,2"
14,"0.710014,0.514520","61,41,108,13,60,47,10,119,55,16,112,118,83,32,133,21,49,136,122,130,22,24,31,64,74,145,51,117,96,148,91,65,115,50,80,26,19,66,105,104,12,59,73,52,134,94,75,11,140,35,95,100,141,8,132,54,87,121,92,85,137,81,15,36,98,99,102,149,40,1,89,39,27,146,37,34,106,69,77,147,57,128,38,86,127,33,6,17,120,70,97,111,53,29,42,67,93,79,58,116,101,129,123,45,28,56,76,71,107,84,139,5,78,124,103,131,4,88,0,43,18,23,143,82,7,25,9,62,30,68,142,109,135,63,3,20,44,113,114,46,126,90,138,48,110,125,144,72,2"
44,"0.038537,0.542893","20,48,90,25,126,82,4,139,78,76,116,67,70,120,63,131,129,29,43,135,34,113,5,88,18,147,77,138,97,144,45,69,92,110,94,35,12,127,57,102,19,115,46,107,30,109,125,72,124,100,117,3,96,62,0,142,87,64,143,26,105,114,112,118,2,49,66,58,119,83,134,65,21,28,47,60,36,7,104,8,122,9,73,132,13,68,111,137,33,41,14,61,148,98,54,59,101,79,93,108,85,89,95,106,11,146,80,103,121,10,91,75,32,130,40,55,38,71,50,141,16,86,31,51,39,24,74,81,133,136,42,84,149,99,17,22,56,123,53,145,15,140,1,52,6,27,128,23,37"
49,"0.558474,0.637926","105,65,66,100,60,134,13,115,35,41,112,47,117,119,61,19,118,96,12,14,36,108,94,59,64,137,147,83,97,80,95,32,91,130,21,75,58,92,121,107,70,26,120,122,34,51,106,116,24,74,10,88,16,93,79,101,87,67,102,55,81,143,39,29,139,38,99,77,4,76,86,104,69,129,82,22,148,133,73,7,136,30,140,78,17,57,71,42,8,145,127,31,53,132,84,109,123,25,131,135,45,5,50,11,54,43,85,52,3,98,63,141,18,124,46,89,20,126,33,28,110,0,111,40,146,44,149,15,1,48,90,62,27,37,142,128,6,103,144,113,56,9,72,68,138,114,23,125,2"
82,"0.185588,0.611864","4,25,116,139,70,120,20,67,76,126,44,147,78,88,63,48,135,29,129,97,90,34,131,35,107,94,115,12,43,100,92,19,30,77,109,5,110,117,69,46,96,102,18,143,3,45,105,144,57,127,64,49,66,112,58,72,87,113,134,65,118,26,124,119,36,60,138,47,83,7,21,0,62,13,142,137,125,122,41,104,61,14,28,8,73,59,101,79,132,93,114,108,148,95,106,80,111,121,33,98,91,9,75,2,54,32,130,10,85,68,38,71,11,89,86,39,55,51,81,24,16,74,146,42,84,99,17,133,50,31,103,141,136,40,123,53,22,145,140,149,15,56,52,1,27,6,128,37,23"
86,"0.771416,0.931770","38,42,17,84,123,39,53,106,71,121,81,99,95,75,93,79,59,101,80,137,91,36,130,51,32,134,74,65,24,140,66,58,105,13,108,7,49,41,16,61,100,143,60,14,22,107,145,97,55,35,47,115,147,136,10,30,119,112,133,88,52,109,117,118,19,96,3,12,94,64,83,21,31,46,122,135,70,120,116,92,26,110,50,34,82,148,4,67,63,104,139,87,102,73,29,76,11,141,8,77,25,1,129,132,37,69,15,78,54,27,85,57,72,126,144,149,127,98,131,40,128,89,45,5,6,20,146,43,44,33,18,124,111,48,28,90,56,0,103,23,62,142,9,113,68,138,114,125,2"
0,"0.319035,0.173873","124,62,142,45,28,127,18,57,5,114,69,9,77,43,102,68,87,111,131,113,138,33,129,26,92,125,29,8,34,132,104,78,73,98,76,67,64,103,2,96,94,21,54,12,19,89,122,83,85,117,148,146,139,118,120,70,112,116,119,115,11,4,47,90,40,35,25,82,44,56,60,141,20,48,149,50,147,14,49,100,61,10,41,13,31,15,105,23,97,126,66,6,108,88,55,65,133,1,128,134,27,63,136,135,107,16,37,32,22,36,145,130,30,52,59,24,58,137,143,74,109,91,80,51,95,75,110,46,3,121,144,140,106,7,79,93,101,81,72,39,99,38,86,17,42,71,53,84,123"
123,"0.827884,0.962435","42,53,17,84,86,38,39,71,81,99,106,121,95,75,80,93,79,91,59,101,137,130,51,140,74,32,36,24,134,65,66,58,108,13,105,7,41,16,49,61,22,145,100,14,60,143,55,107,136,97,10,47,52,133,35,115,119,147,30,112,118,88,109,117,19,96,3,31,83,12,64,94,21,46,122,135,50,70,26,120,92,116,110,148,34,104,82,4,141,87,11,67,73,1,63,37,139,102,27,15,8,29,76,132,54,77,25,129,149,85,69,78,128,57,72,40,98,144,127,6,126,89,131,146,45,5,20,43,33,44,111,18,124,56,28,48,0,90,23,103,62,142,9,113,68,138,114,125,2"
136,"0.896957,0.455443","133,55,22,145,52,16,10,31,50,14,108,24,61,74,41,32,1,51,37,140,130,27,141,15,13,11,47,128,149,60,122,148,119,6,91,83,21,40,118,80,112,54,85,75,73,104,49,8,132,89,99,59,95,81,64,98,146,26,121,96,117,65,56,39,66,23,134,105,115,19,87,12,94,17,137,53,33,35,38,86,100,111,106,92,42,36,123,102,103,84,57,69,28,71,93,127,77,79,34,101,147,45,58,120,70,97,29,124,67,129,0,5,116,9,76,68,107,78,131,139,18,43,62,88,4,143,7,82,142,30,25,114,109,135,113,3,138,63,20,44,46,90,126,125,110,48,2,144,72"
33,"0.547913,0.122541","111,98,103,132,28,89,146,8,54,85,73,104,9,68,148,40,11,87,122,56,26,0,124,57,127,21,141,102,83,149,62,45,69,142,50,64,77,118,5,92,119,114,15,96,23,18,112,47,6,117,31,12,94,19,43,34,128,1,10,131,129,27,29,14,60,61,133,115,78,67,37,113,55,138,76,41,136,125,35,120,13,70,108,139,49,116,2,16,22,52,145,4,100,105,32,147,66,65,82,25,24,130,134,90,74,51,97,44,20,91,80,59,140,48,75,88,36,95,137,107,121,126,81,58,135,99,63,39,106,143,30,38,93,79,86,101,109,17,53,42,7,123,71,3,46,84,110,144,72"
107,"0.345658,0.830410","97,143,88,30,58,109,147,135,3,100,7,46,36,105,66,134,110,63,35,65,82,137,116,49,70,115,4,101,79,93,120,25,126,139,144,19,12,94,72,59,106,67,117,76,34,20,95,60,96,13,121,29,112,78,71,92,44,80,129,64,38,75,48,86,118,47,91,119,41,84,39,61,42,131,108,77,81,90,14,130,102,17,83,32,69,123,26,21,99,53,43,87,5,57,51,127,74,45,24,18,122,16,10,104,124,140,55,73,8,148,132,22,113,0,133,136,145,62,138,31,54,28,98,11,142,85,50,33,111,52,89,141,125,146,114,40,9,149,15,68,103,1,27,2,37,56,128,6,23"
5,"0.269456,0.308572","18,45,43,131,77,69,127,57,124,129,29,102,78,0,34,62,76,92,67,142,113,87,138,139,120,94,26,28,70,12,19,116,114,96,64,4,117,125,25,90,9,8,104,115,82,118,21,83,111,132,112,73,35,44,68,33,20,122,119,98,48,2,47,147,148,54,85,60,100,89,103,49,146,126,97,11,88,105,14,61,63,13,66,41,135,40,65,107,134,141,10,50,108,56,149,31,30,36,55,109,143,58,133,15,110,46,16,137,136,32,59,3,130,144,6,1,23,80,91,22,128,95,27,24,75,145,74,51,72,7,121,37,52,79,93,101,106,81,140,39,99,38,86,71,17,42,53,84,123"
28,"0.433832,0.136943","111,9,33,0,68,124,62,127,132,8,57,98,87,142,45,73,104,103,69,102,26,89,54,114,146,85,5,77,18,148,122,21,92,43,83,64,11,131,40,96,34,129,118,29,113,138,56,94,12,117,19,112,119,78,125,141,67,76,47,149,50,2,120,115,139,70,60,15,23,35,116,14,31,10,6,61,4,41,128,1,49,27,13,133,25,55,90,82,100,108,147,136,37,44,105,20,16,66,65,48,97,22,134,145,52,32,88,130,126,24,74,51,107,59,36,91,80,135,63,137,75,95,140,58,121,30,143,109,81,106,99,39,93,79,101,110,46,3,38,7,86,17,144,42,53,71,123,84,72"
66,"0.543668,0.726671","105,65,134,49,100,36,137,59,35,13,58,115,60,97,147,95,107,80,41,121,75,91,93,79,106,101,108,117,61,112,19,47,12,143,94,130,14,119,32,96,88,118,64,7,38,39,81,86,70,30,51,71,120,116,83,99,74,24,42,92,17,21,109,84,34,53,123,16,4,67,82,26,139,135,10,122,3,29,76,55,140,102,87,129,77,46,22,25,78,69,63,145,133,136,104,110,57,148,73,131,127,31,8,126,5,132,45,43,20,52,50,11,54,44,18,85,98,124,141,48,144,90,72,89,0,28,33,111,40,146,149,15,1,62,27,37,113,142,128,6,103,138,9,56,68,114,125,23,2"
104,"0.581187,0.274163","73,8,132,122,148,54,98,21,26,85,83,87,89,11,33,111,118,146,64,119,102,28,112,47,40,96,57,141,127,50,117,92,69,103,19,77,12,94,149,124,60,10,45,14,31,0,56,61,9,15,34,115,5,41,68,133,55,62,18,13,29,129,35,1,6,108,136,49,142,43,131,128,67,27,76,16,78,23,120,70,37,22,100,114,139,145,116,105,52,32,65,66,130,24,4,147,134,113,74,138,51,82,91,80,59,97,25,125,140,75,36,95,137,88,121,90,107,44,2,20,81,58,99,39,48,106,135,143,126,38,93,79,86,101,30,17,63,53,42,109,123,71,7,84,3,46,110,144,72"
145,"0.937628,0.520736","22,16,136,52,55,133,24,10,74,140,51,31,32,108,130,61,14,41,50,13,91,37,1,80,27,75,15,60,141,47,99,81,119,128,95,59,11,122,149,148,121,39,83,6,21,112,118,49,40,17,65,53,54,85,104,73,64,86,38,66,134,137,42,123,105,8,132,96,117,106,89,26,98,146,115,36,19,84,56,12,100,94,35,23,87,71,93,79,101,92,33,102,111,103,58,57,147,69,34,77,127,28,97,120,70,107,29,45,67,116,129,124,76,7,5,143,0,88,139,78,131,9,4,68,18,43,82,30,62,142,109,25,135,3,114,46,63,113,20,44,110,126,138,90,48,125,144,72,2"
18,"0.239402,0.278708","5,43,45,131,124,127,69,57,77,0,62,129,113,142,29,78,102,138,34,76,67,92,114,87,125,28,139,120,26,70,94,116,12,9,90,4,19,96,64,25,117,68,44,111,2,82,8,104,33,132,73,20,115,118,21,83,112,35,48,98,122,119,148,54,47,147,85,89,103,126,146,60,100,49,97,11,88,105,63,14,40,135,61,66,13,41,65,141,107,134,56,50,10,149,108,31,30,109,55,36,143,15,58,133,110,46,3,144,136,16,137,32,23,6,59,1,130,128,27,80,22,91,72,95,24,145,75,74,51,7,37,121,52,79,93,101,106,81,140,39,99,38,86,71,17,42,53,84,123"
36,"0.556089,0.834580","137,134,66,65,58,105,79,93,101,59,106,100,95,121,49,7,107,143,80,75,97,38,71,86,91,39,13,147,42,81,35,84,17,88,30,115,130,60,99,123,32,53,41,108,109,61,51,14,74,117,47,3,112,24,19,12,94,119,96,135,118,46,70,116,64,120,140,16,82,83,110,4,92,21,63,34,139,67,10,55,22,76,26,25,29,145,122,136,129,102,133,78,87,77,126,69,144,72,104,31,131,20,57,148,52,73,127,8,44,5,43,45,132,50,48,11,54,18,90,141,85,124,98,89,0,28,15,40,33,149,1,111,146,27,37,62,113,128,142,6,138,103,56,9,68,114,125,23,2"
65,"0.572181,0.726723","66,134,105,49,36,100,137,59,13,95,60,35,80,58,115,121,41,75,91,106,108,97,147,93,79,61,101,130,32,107,47,14,112,117,119,19,12,39,38,81,96,94,118,143,86,51,64,88,99,74,24,7,71,42,17,83,84,70,53,30,21,16,120,123,116,92,10,140,34,109,55,26,122,67,4,22,82,139,135,29,145,102,76,87,3,136,133,77,129,46,104,78,69,25,148,31,73,63,57,8,110,127,131,52,132,50,5,45,11,126,54,43,20,85,141,98,18,44,124,89,48,144,40,33,90,28,72,15,0,149,146,111,1,27,37,62,128,6,142,113,103,56,9,138,68,114,23,125,2"
98,"0.608791,0.173702","54,85,89,132,8,146,33,73,111,104,148,11,40,103,122,28,141,56,26,21,87,149,83,50,9,68,15,102,118,57,64,127,119,0,124,31,69,47,112,6,23,96,45,10,92,77,1,128,117,62,27,14,19,12,94,5,142,133,60,61,55,18,37,34,41,136,114,115,43,129,29,131,13,108,16,67,35,49,78,22,76,52,145,120,70,113,138,139,116,32,100,105,24,125,130,65,66,74,4,51,147,134,2,91,82,140,80,25,59,97,75,95,90,36,137,44,121,88,20,81,107,99,48,39,58,106,126,135,38,86,143,93,17,79,101,63,53,30,42,123,109,71,84,7,3,46,110,144,72"
111,"0.529720,0.115946","33,98,28,103,132,8,89,146,54,85,73,9,68,104,148,87,0,40,11,26,124,122,56,57,127,62,102,21,45,69,142,83,141,149,77,64,114,5,118,50,18,92,96,119,112,23,15,47,117,43,94,12,19,6,34,31,131,129,29,128,10,1,27,60,14,113,138,78,67,115,76,61,133,125,37,55,41,120,35,136,70,139,2,13,49,116,108,16,4,22,52,100,145,105,25,82,147,66,65,32,90,24,130,134,74,44,51,97,20,91,48,80,59,88,140,36,75,95,137,107,126,121,135,58,81,63,99,39,143,106,30,93,79,38,109,101,86,17,53,42,7,3,46,123,110,71,84,144,72"
122,"0.620511,0.338320","21,83,104,148,73,8,132,26,118,119,54,47,64,11,112,85,87,98,96,89,14,10,50,117,60,141,61,146,102,33,40,31,19,12,111,92,41,94,149,57,55,133,69,13,127,28,115,108,77,15,136,49,103,45,34,16,35,56,124,1,0,22,5,6,27,29,128,145,129,32,9,100,67,37,52,105,18,120,65,68,131,66,130,76,62,70,24,43,78,74,23,134,51,116,142,139,147,91,80,59,4,140,75,95,114,97,36,137,82,121,113,25,81,138,99,88,107,39,58,106,125,38,86,90,93,44,79,20,17,101,143,53,42,135,30,123,48,71,2,84,126,63,109,7,3,46,110,144,72"
132,"0.585219,0.227839","8,73,104,98,54,148,85,89,33,122,111,146,11,26,21,87,83,28,40,103,141,118,64,102,119,57,50,127,149,112,47,96,56,69,9,124,92,0,117,77,45,68,31,15,19,10,12,94,14,60,5,62,61,6,34,18,1,133,142,115,55,41,128,23,27,29,129,43,136,131,13,108,35,37,67,114,49,76,78,16,120,70,22,145,52,139,116,100,113,105,32,138,65,66,130,4,24,147,74,134,125,51,82,91,25,80,97,59,140,2,75,95,36,90,137,88,44,121,20,107,81,99,48,58,39,106,126,135,143,38,93,86,79,63,101,30,17,53,42,109,123,71,7,84,3,46,110,144,72"
25,"0.140685,0.576463","82,4,20,139,44,116,48,70,126,120,76,90,67,78,29,129,63,131,34,135,147,88,43,97,35,77,5,92,94,12,18,19,115,69,107,100,45,102,30,110,117,109,57,127,113,96,46,144,3,64,138,143,124,105,87,72,112,49,26,66,118,0,62,58,134,65,125,119,142,83,60,47,21,36,7,114,28,13,104,122,8,137,73,41,132,2,61,14,9,59,148,111,101,79,33,108,93,98,68,54,95,106,85,80,121,91,75,32,10,89,130,11,146,38,55,71,103,86,16,39,51,24,81,74,50,40,31,141,133,42,99,84,136,17,22,123,53,149,145,140,56,15,52,1,6,27,128,37,23"
20,"0.048966,0.578344","44,48,25,90,126,82,4,139,63,116,76,78,70,120,67,135,29,129,131,88,43,34,147,144,97,5,110,18,113,77,35,92,46,30,109,94,69,107,72,138,45,12,19,115,3,102,127,57,100,117,124,96,143,125,64,62,87,0,105,142,26,112,49,58,66,118,134,65,114,119,83,2,60,7,21,36,47,28,104,122,13,8,73,137,132,9,41,61,14,111,68,33,101,148,79,93,59,98,108,54,95,85,106,80,121,89,91,75,11,32,10,130,146,103,71,38,86,55,39,16,51,81,40,24,50,74,141,31,42,84,133,99,17,136,123,22,53,149,145,56,140,15,52,1,6,27,128,37,23"
11,"0.726117,0.227238","141,85,54,40,148,89,50,149,146,98,73,132,8,104,122,15,31,56,33,6,1,21,10,128,83,111,27,103,133,26,37,23,119,55,118,47,87,136,14,112,64,28,61,60,96,41,52,16,102,22,117,145,108,57,127,9,13,92,19,68,12,69,94,0,124,77,45,115,49,32,24,34,5,74,62,130,35,51,18,142,29,129,140,43,131,65,67,105,100,66,91,120,76,114,80,78,70,134,59,75,116,139,95,147,121,81,4,113,137,99,36,138,97,39,82,125,25,106,38,17,86,88,107,53,58,2,42,93,79,101,123,90,44,20,84,71,143,48,135,30,126,7,63,109,3,46,110,144,72"
103,"0.602151,0.026056","33,111,146,89,98,56,85,54,40,68,28,132,9,8,73,11,104,148,149,23,141,122,0,87,15,50,6,26,124,21,62,57,127,128,142,83,102,1,45,114,69,27,31,64,118,77,119,5,37,18,92,96,112,47,10,117,133,43,12,19,94,14,34,55,131,60,129,136,61,29,138,113,125,41,115,78,67,76,2,52,16,108,13,22,35,145,120,49,70,139,116,32,100,4,24,105,130,74,65,66,51,147,25,82,134,90,140,91,80,44,97,59,20,75,95,48,36,88,137,121,107,81,99,126,39,58,135,106,63,38,143,86,17,93,30,79,101,53,42,109,123,71,84,7,3,46,110,144,72"
34,"0.320895,0.444848","29,67,129,92,76,77,120,78,94,70,131,69,139,12,102,19,116,5,57,43,127,96,117,45,4,115,64,87,18,35,26,82,25,124,112,118,147,83,21,119,0,100,47,44,62,90,20,49,97,60,104,113,122,8,28,142,73,88,105,48,132,138,66,126,65,148,13,107,111,134,135,33,14,98,63,61,41,114,54,125,9,85,68,89,30,108,36,11,58,143,146,109,10,137,103,59,110,46,2,3,40,50,141,55,32,31,130,80,133,16,95,91,7,144,75,149,136,121,24,79,93,101,51,74,56,106,22,72,15,145,81,39,1,38,86,99,52,6,140,27,128,71,17,42,37,23,84,53,123"
24,"0.868601,0.653860","74,51,32,130,140,16,108,91,22,145,80,75,55,41,99,81,61,136,13,95,14,59,121,133,10,39,52,17,60,53,86,38,31,65,42,137,49,123,106,47,134,66,119,105,84,36,112,71,118,50,83,93,79,21,101,122,100,115,117,64,1,96,141,148,37,35,27,11,15,19,12,58,94,26,104,73,149,128,54,8,85,132,6,40,147,87,92,97,98,89,107,7,102,146,143,34,120,70,88,77,69,56,116,57,33,67,127,29,111,30,23,129,76,139,4,45,28,109,78,103,82,5,131,124,135,3,43,0,25,18,46,63,9,62,110,68,142,126,20,44,90,48,113,114,144,138,72,125,2"
31,"0.850582,0.351994","133,50,10,136,55,141,1,15,52,27,11,37,149,22,145,16,128,148,14,6,40,122,61,54,85,108,41,21,47,73,83,89,104,119,146,132,8,98,24,60,118,13,56,32,74,112,51,130,23,26,140,64,33,96,87,117,111,49,103,91,80,19,12,94,115,75,102,92,59,65,28,95,66,105,35,99,81,57,134,121,69,127,100,77,39,34,137,45,124,9,0,68,36,17,53,106,5,38,29,86,129,120,67,42,70,147,123,18,62,76,131,116,43,78,97,84,93,142,79,139,101,71,58,4,107,114,82,88,25,143,113,7,138,30,135,125,109,20,44,90,63,126,48,3,2,46,110,144,72"
110,"0.126747,0.921360","46,3,109,144,72,135,63,30,88,143,107,126,97,7,82,147,58,25,20,4,48,116,44,70,100,139,120,36,35,105,90,66,134,67,76,65,101,115,79,78,93,137,29,34,49,129,94,12,19,131,117,92,106,96,59,43,71,77,64,112,60,95,121,13,5,69,102,38,118,86,18,119,80,47,84,75,57,45,127,42,91,41,39,26,87,83,17,61,113,123,81,21,108,14,53,130,124,32,99,138,122,0,51,62,74,24,104,125,142,73,8,10,16,132,148,28,140,55,114,22,98,54,133,136,111,33,145,2,85,11,31,9,89,50,68,146,141,52,40,103,149,15,1,56,27,37,6,128,23"
139,"0.224448,0.519634","4,116,76,67,120,70,78,29,82,25,129,34,131,20,44,43,92,77,94,147,90,12,5,35,19,48,69,115,18,102,126,45,117,57,88,127,97,96,100,63,135,64,87,124,113,26,112,107,118,49,105,138,0,119,62,83,30,66,21,47,60,109,142,65,134,143,110,46,125,104,3,122,28,58,8,144,73,13,36,114,132,41,14,61,72,148,111,33,9,137,98,7,108,54,2,68,59,85,89,11,10,101,79,93,95,80,146,32,91,130,121,75,106,103,55,50,16,40,141,31,133,24,51,74,136,38,39,81,86,71,149,22,99,145,42,56,17,84,15,140,53,123,52,1,6,27,128,37,23"
2,"0.030274,0.016687","125,138,114,113,142,62,0,18,124,9,43,68,5,45,131,28,127,57,69,77,90,129,78,29,102,76,111,67,34,87,44,33,139,92,48,20,25,103,120,26,4,70,8,116,132,98,104,73,94,82,12,19,64,96,89,146,54,117,85,21,83,122,126,118,148,115,112,35,119,11,40,56,47,147,63,60,100,141,88,97,135,149,49,50,23,14,105,61,41,15,13,107,66,10,31,65,6,144,134,110,30,108,109,128,1,46,55,133,27,72,143,3,136,36,58,37,16,32,137,22,59,130,145,52,80,24,91,7,74,95,51,75,121,79,93,101,106,140,81,39,99,38,86,71,17,42,53,84,123"
131,"0.226694,0.374940","43,129,78,29,5,76,18,67,77,34,45,69,139,127,57,120,102,92,124,70,116,4,113,25,0,90,94,62,138,12,87,82,19,44,142,96,20,117,26,64,48,115,35,125,28,114,118,147,112,83,21,126,104,8,119,9,73,100,132,97,122,47,111,88,33,2,68,60,63,49,98,135,148,105,54,107,66,85,89,65,13,14,134,146,61,103,41,11,30,109,143,110,58,36,46,108,40,10,3,144,141,50,137,31,72,149,55,59,56,32,133,7,130,16,80,95,91,136,15,75,121,24,79,101,93,51,74,22,106,1,145,6,23,128,27,81,52,39,38,37,86,99,140,71,42,17,84,53,123"
67,"0.265259,0.477657","76,29,78,139,120,129,34,70,116,131,4,77,92,43,82,25,94,5,69,12,19,102,45,18,35,57,127,115,117,96,147,44,20,64,90,87,124,26,48,100,112,97,118,88,113,126,0,83,119,62,21,49,138,135,63,47,105,60,142,107,66,104,28,122,8,65,73,134,132,125,30,114,13,109,143,148,14,41,111,61,33,58,98,36,9,110,46,54,3,68,85,108,144,137,89,2,11,10,59,146,7,72,103,32,80,95,130,55,40,50,91,141,79,101,93,75,31,121,16,133,106,24,51,136,74,149,22,56,81,39,38,15,145,86,71,99,140,42,1,17,52,84,6,53,27,123,128,37,23"
71,"0.723183,0.995646","84,38,86,106,42,93,123,79,101,17,53,39,121,137,95,81,99,59,75,80,36,91,58,134,7,65,130,66,51,32,105,74,24,140,143,13,49,108,100,107,41,97,61,30,60,16,14,109,147,35,88,3,22,115,145,47,55,112,46,119,10,117,136,118,19,12,135,133,96,94,110,52,64,83,70,21,116,120,63,31,82,92,122,4,26,34,139,67,72,76,25,144,29,50,87,148,102,104,126,129,77,78,73,69,8,11,141,132,57,20,131,54,127,1,37,15,85,27,44,5,45,98,149,43,48,40,89,128,18,90,146,6,124,33,111,28,0,56,62,103,113,142,23,9,138,68,114,125,2"
108,"0.751306,0.590315","41,61,13,14,32,130,16,24,74,60,51,55,10,91,47,22,80,136,49,145,133,75,119,59,140,95,65,112,118,66,121,134,83,105,31,81,21,99,52,122,137,39,117,64,115,96,100,36,50,19,35,106,148,12,38,94,86,17,26,53,104,42,11,141,73,123,93,79,8,101,92,87,132,54,84,71,1,15,85,58,147,149,37,27,102,97,40,98,89,34,128,107,120,70,146,6,77,69,57,116,67,127,29,33,143,88,7,129,111,76,139,45,56,4,78,28,5,82,131,30,124,103,43,23,18,0,109,25,135,3,62,9,63,46,68,142,20,110,126,44,90,113,48,114,138,144,72,125,2"
118,"0.554856,0.444709","112,119,83,64,47,21,96,117,26,60,19,122,12,94,115,87,92,14,104,61,102,41,73,49,35,13,148,8,132,34,69,77,57,108,10,127,100,54,105,98,11,85,66,65,29,120,67,70,45,55,129,134,50,31,76,89,5,133,116,33,147,141,16,124,111,28,78,32,131,139,146,136,130,40,43,18,0,97,4,22,59,24,149,91,74,80,36,145,51,15,82,137,75,95,62,103,52,88,25,1,107,121,9,142,56,58,140,27,68,6,128,81,37,106,99,39,113,143,93,79,114,101,20,44,38,135,138,30,86,90,23,17,63,42,109,126,48,53,7,71,123,125,84,3,46,110,2,144,72"
128,"0.939888,0.167054","6,27,1,15,37,149,141,50,23,40,31,56,11,133,146,85,89,54,52,136,148,10,55,98,145,73,22,132,122,103,8,104,16,33,111,14,21,83,61,47,119,41,108,118,26,24,112,60,87,74,28,64,32,13,140,51,130,96,68,9,117,102,19,57,12,92,127,94,49,91,69,0,115,124,80,77,45,75,35,59,65,62,95,34,99,81,105,5,66,142,134,121,100,18,39,29,129,114,43,67,131,137,120,76,70,17,78,36,53,38,86,106,116,147,42,139,123,97,4,113,84,138,93,79,71,101,58,82,125,107,25,88,2,143,90,44,7,20,30,135,48,109,126,63,3,46,110,144,72"
141,"0.797795,0.225004","50,149,11,15,40,31,1,85,6,148,54,128,27,89,146,56,37,98,73,122,10,132,133,104,8,23,55,136,21,33,83,103,111,52,14,119,47,26,22,61,145,118,16,112,87,41,64,108,60,28,96,13,117,102,24,32,19,57,9,68,12,92,74,127,94,69,130,51,49,115,77,0,124,140,45,35,34,91,5,62,80,65,105,142,18,66,29,75,100,129,59,134,43,67,131,95,120,76,114,70,78,121,81,99,116,137,139,39,147,36,4,97,113,106,17,38,138,86,53,82,42,123,125,25,58,93,79,107,101,88,84,71,2,90,143,44,20,30,135,7,48,126,109,63,3,46,110,144,72"
142,"0.247013,0.122493","62,114,0,124,18,138,45,9,113,125,28,5,68,127,57,43,69,2,77,131,102,111,87,129,33,29,78,34,92,26,76,8,132,67,98,104,103,73,139,64,94,96,12,120,54,89,90,19,146,85,21,70,122,117,83,148,116,118,4,112,25,44,119,115,11,82,20,48,40,35,47,56,60,141,147,149,50,100,49,126,14,61,41,10,23,97,15,13,31,105,88,6,63,66,65,135,108,128,55,1,133,134,27,107,136,37,16,30,36,32,22,109,143,58,145,130,110,59,52,137,24,46,74,80,144,91,3,51,95,75,121,72,7,140,106,79,93,101,81,39,99,38,86,17,71,42,53,84,123"
58,"0.458824,0.890267","143,36,7,107,134,101,137,79,93,97,66,30,105,65,100,109,88,147,106,3,59,49,71,95,46,121,35,135,38,86,80,75,115,110,84,42,39,91,13,17,81,63,123,60,116,70,53,82,120,99,19,12,117,130,94,41,4,32,108,112,96,61,47,139,25,119,72,144,51,14,67,118,126,64,34,74,24,92,76,29,83,78,129,20,21,140,16,26,44,102,77,48,131,10,87,69,55,122,22,57,90,145,43,127,5,136,133,45,104,73,148,18,8,31,132,52,124,50,54,11,0,98,85,141,28,113,62,89,33,111,138,40,146,142,15,149,1,27,37,9,125,114,128,6,103,68,56,2,23"
68,"0.407476,0.006931","9,28,111,33,0,103,142,62,114,124,98,132,146,8,89,127,45,57,73,54,85,87,104,18,69,5,102,77,26,125,138,56,148,113,40,43,2,11,122,131,21,92,83,129,64,149,34,141,29,96,118,23,78,94,12,117,19,76,119,112,50,67,15,47,6,120,139,115,128,70,31,1,60,116,10,27,35,14,4,90,61,37,133,25,41,55,82,49,44,13,136,20,108,100,147,48,16,105,22,52,66,145,65,97,134,32,126,88,130,24,74,51,107,63,135,59,91,36,80,137,75,140,95,58,30,121,143,109,81,99,106,39,110,46,3,93,79,101,38,7,144,86,17,42,53,72,71,123,84"
74,"0.870821,0.668895","24,51,32,130,140,16,91,108,80,22,75,145,99,81,41,95,55,61,59,13,121,39,136,14,133,10,52,17,53,86,38,60,42,123,106,137,65,49,31,47,134,66,84,105,119,36,71,112,93,79,118,101,50,83,21,100,122,115,117,64,96,1,35,148,141,37,19,27,11,15,58,12,94,26,104,73,149,128,54,8,85,132,147,6,40,97,92,87,107,7,98,89,143,102,146,34,120,70,88,77,69,116,56,57,33,67,30,127,29,111,23,129,76,139,4,109,45,78,82,28,103,5,131,3,135,124,43,25,0,18,46,63,110,9,62,68,126,20,142,44,90,48,113,144,114,72,138,125,2"
78,"0.223079,0.438383","76,129,29,67,131,139,34,43,120,70,116,4,5,77,18,25,69,92,82,45,102,127,57,90,94,44,12,20,19,124,113,48,35,96,117,87,115,147,64,0,138,62,26,126,142,112,118,97,100,88,125,83,63,21,119,28,135,114,47,49,104,8,60,105,122,107,73,132,66,9,111,65,33,30,134,2,148,98,68,109,13,54,143,110,14,41,61,46,85,58,3,36,144,89,11,146,108,103,72,137,10,59,7,40,141,50,55,32,31,80,95,130,91,79,133,101,93,16,75,149,121,56,106,136,24,51,74,15,22,145,81,39,38,86,1,99,71,6,52,140,27,128,42,17,23,84,37,53,123"
80,"0.763814,0.771194","75,91,95,59,121,81,130,39,99,32,51,74,24,106,38,137,86,17,53,108,42,13,65,140,123,134,41,36,84,66,71,93,79,61,101,49,105,16,14,60,22,145,55,100,58,47,10,136,119,133,112,115,35,118,52,117,7,83,97,96,107,19,64,31,147,21,143,12,94,122,88,26,50,30,148,92,104,70,120,109,73,87,11,116,141,34,8,102,1,132,3,67,54,15,37,27,85,4,139,135,29,77,82,149,69,76,46,129,98,40,57,128,89,127,78,6,25,110,146,63,131,45,5,33,111,43,124,28,18,126,56,20,0,44,103,144,23,72,48,62,90,9,142,68,113,138,114,125,2"
85,"0.664335,0.187240","54,89,98,146,11,148,132,40,73,8,104,33,141,111,122,149,56,103,50,21,15,83,26,28,87,31,6,1,23,128,118,119,10,27,64,47,9,112,68,102,133,57,37,96,127,14,55,0,69,124,117,61,136,92,60,45,77,19,12,41,94,62,16,108,5,52,13,142,22,115,34,145,18,49,29,129,43,114,35,131,67,32,76,78,24,120,130,74,70,100,51,105,65,139,66,116,113,138,140,134,91,80,147,4,125,59,75,95,82,97,25,36,2,121,137,81,99,39,90,88,107,44,106,20,58,38,86,17,48,53,93,79,101,42,143,135,123,126,30,71,84,63,109,7,3,46,110,144,72"
90,"0.021733,0.474642","44,48,20,25,78,4,139,82,126,76,131,43,67,129,116,29,113,120,70,18,138,5,34,63,77,45,125,69,135,92,127,57,147,124,88,102,94,62,12,142,19,0,35,97,144,115,117,2,114,110,96,87,107,64,100,30,46,109,72,26,3,112,28,118,143,105,49,83,21,119,9,66,47,104,60,8,58,65,134,68,73,122,132,111,33,36,98,13,7,148,54,41,14,61,85,137,89,103,146,108,11,59,101,79,93,10,95,40,80,106,32,121,91,141,130,75,50,55,31,16,133,149,56,24,51,38,74,71,136,86,39,81,22,15,99,42,84,145,17,123,53,1,140,6,52,27,128,23,37"
93,"0.621734,0.954322","79,101,106,137,71,36,38,86,84,121,58,42,59,95,7,39,17,123,134,75,53,80,65,81,66,91,99,105,143,107,100,49,130,97,32,13,30,51,74,109,147,108,24,88,41,3,35,60,140,61,115,46,14,47,16,135,112,117,119,19,110,12,94,118,96,22,70,64,116,55,145,120,63,10,82,83,4,136,21,92,133,139,34,67,72,25,144,26,122,76,52,29,126,31,129,102,78,87,77,69,104,148,20,73,131,50,57,8,44,127,132,48,11,5,43,45,141,54,90,85,18,98,1,15,124,89,37,149,27,40,146,33,0,28,111,128,6,62,113,142,56,103,138,9,68,23,114,125,2"
16,"0.866688,0.545409","22,145,55,136,24,133,74,108,10,32,51,52,130,61,14,41,140,31,13,91,80,60,75,47,50,119,59,99,95,81,121,122,49,83,112,1,118,141,21,39,37,15,148,27,65,11,66,134,149,64,105,17,128,137,53,117,104,96,73,38,86,54,106,6,40,115,42,85,26,123,8,132,36,19,100,12,35,94,89,98,84,87,146,71,93,79,101,92,56,102,33,58,23,147,111,34,97,69,57,77,127,103,120,70,107,28,29,67,116,45,129,143,76,7,88,124,5,139,78,0,4,131,18,43,82,30,9,68,62,109,25,135,142,3,46,63,114,20,44,110,113,126,90,138,48,125,144,72,2"
106,"0.696879,0.913807","38,86,93,71,121,79,101,137,95,42,84,39,59,17,123,75,81,53,80,36,99,91,134,65,58,66,130,105,32,51,7,74,13,49,24,108,100,140,143,41,107,61,60,97,14,16,35,147,30,115,47,88,22,109,145,112,119,55,117,3,10,118,19,12,136,96,94,133,64,46,83,135,52,21,70,120,116,110,92,122,31,82,26,4,34,63,67,139,76,87,29,148,102,50,104,25,129,77,73,78,69,8,72,126,11,144,132,141,57,127,54,131,85,1,20,15,37,5,45,98,27,43,149,44,40,89,48,18,128,146,124,6,33,90,111,28,0,56,62,103,142,113,23,9,138,68,114,125,2"
23,"0.872599,0.008258","56,6,149,128,40,15,27,1,141,146,89,37,11,103,85,50,54,98,148,33,31,111,132,73,8,104,122,133,10,136,28,52,55,68,21,9,83,26,145,22,87,14,119,16,47,118,61,64,112,0,41,102,57,127,108,60,124,96,69,117,62,45,13,92,142,77,24,19,12,94,32,74,114,5,51,130,140,18,115,34,49,43,129,29,35,131,91,67,80,65,78,76,105,120,66,100,75,113,138,59,70,134,125,95,139,116,99,81,121,2,147,39,4,137,36,97,82,17,106,53,25,38,86,42,123,90,88,58,107,93,79,101,84,44,71,20,48,143,135,30,126,7,63,109,3,46,110,144,72"
40,"0.751927,0.151555","149,11,141,146,89,85,56,54,15,50,98,148,6,132,23,128,73,103,1,8,33,104,27,31,111,122,37,21,10,83,133,28,26,55,136,87,119,118,47,14,68,9,64,112,52,61,102,22,96,16,145,60,41,57,127,117,0,108,69,124,92,19,13,45,12,77,94,62,115,142,5,24,32,34,49,18,74,130,51,114,35,29,129,43,131,140,67,76,78,65,105,120,91,100,66,70,80,134,75,59,116,139,113,138,95,147,4,125,121,81,99,137,36,97,39,82,2,25,106,17,38,86,53,88,107,58,90,42,93,44,123,79,101,20,84,71,48,143,135,30,126,63,7,109,3,46,110,144,72"
114,"0.212572,0.057733","142,62,0,125,138,9,2,124,113,68,18,28,45,5,127,43,57,69,131,77,111,102,33,87,129,78,29,103,34,92,8,76,132,26,98,67,104,73,89,90,146,139,54,85,64,94,120,96,12,21,19,122,148,70,83,117,116,4,44,118,25,112,11,20,40,48,119,82,56,115,47,35,141,149,60,50,147,126,23,100,14,49,15,61,10,31,41,97,6,13,88,105,63,128,1,66,135,27,108,55,133,65,134,107,136,37,16,30,22,36,32,109,145,143,130,110,58,52,59,46,144,24,137,3,74,91,80,51,95,75,72,121,7,140,106,79,93,101,81,39,99,38,86,17,71,42,53,84,123"
116,"0.257957,0.563158","70,120,4,139,67,82,76,25,29,78,34,129,147,35,94,131,12,92,115,19,97,20,88,44,77,117,100,43,126,96,69,90,5,48,102,135,63,64,107,57,18,45,127,105,112,49,87,118,26,66,30,119,124,109,65,134,60,83,143,47,21,113,110,58,46,0,3,36,138,62,13,122,144,104,142,41,8,61,73,14,28,137,7,132,72,125,108,148,59,114,111,98,33,101,79,54,93,95,9,80,85,10,91,32,121,106,75,130,68,11,89,2,55,146,16,51,24,74,38,50,31,39,133,86,81,71,141,103,40,136,99,22,42,17,84,145,149,53,123,140,15,56,52,1,27,6,128,37,23"
135,"0.168770,0.804376","63,88,110,109,46,30,3,126,107,97,82,144,147,143,72,25,4,20,116,70,139,48,44,120,58,100,7,35,67,76,90,105,78,115,66,29,36,34,134,129,94,65,12,19,49,131,117,92,137,96,101,79,43,93,77,64,112,5,69,102,60,118,18,59,106,13,57,45,119,127,47,26,87,95,83,121,41,71,113,21,80,61,124,75,38,14,91,86,108,138,84,39,42,0,122,130,32,81,62,17,104,123,99,142,53,125,73,8,51,132,74,24,28,148,10,16,114,55,98,54,111,33,140,85,133,2,22,11,9,136,31,145,89,68,50,146,141,40,52,103,149,15,1,56,27,6,37,128,23"
1,"0.935346,0.226205","27,37,128,15,6,149,50,141,31,40,11,133,23,136,52,56,10,55,85,148,54,89,146,145,22,16,98,122,73,132,104,8,14,61,21,103,83,33,108,41,47,119,111,24,118,74,26,60,32,112,13,140,51,130,64,87,28,96,117,91,102,49,19,12,94,80,9,68,92,57,115,127,75,69,59,77,65,0,124,95,99,81,35,45,66,105,121,134,34,100,39,5,62,137,29,142,18,129,17,53,67,36,120,38,131,86,43,106,70,76,42,114,78,123,147,116,139,84,97,93,79,71,101,4,58,113,82,138,107,88,25,125,143,7,2,30,90,44,20,135,109,48,63,126,3,46,110,144,72"
138,"0.092245,0.186714","113,125,142,18,114,62,2,43,5,124,0,131,45,127,78,129,57,69,77,90,29,76,67,9,102,34,28,139,44,68,92,48,87,25,20,120,4,70,116,82,26,111,94,12,33,19,96,64,8,117,132,104,73,126,98,115,21,35,118,83,103,112,122,54,147,119,89,85,148,146,63,47,88,100,97,135,60,11,49,40,105,56,107,14,66,141,61,13,41,65,149,30,50,134,144,110,109,10,46,143,108,31,3,72,15,58,36,23,55,133,6,1,137,128,136,16,59,32,27,130,7,80,22,91,37,95,24,145,75,74,51,121,79,101,93,52,106,81,140,39,38,99,86,71,17,42,84,53,123"
140,"0.945001,0.690415","74,51,24,130,32,16,22,145,91,99,81,80,75,108,39,136,52,55,95,121,53,17,59,133,41,61,13,10,14,123,86,42,38,106,84,31,137,60,65,71,49,134,47,66,36,93,79,105,119,101,50,112,37,118,1,83,27,21,122,100,141,15,115,148,117,64,11,96,128,35,58,149,19,12,6,104,26,94,73,54,40,85,8,132,97,7,147,87,89,92,107,98,143,146,102,56,34,88,70,120,23,33,77,69,116,57,30,111,67,127,29,109,129,76,139,103,4,28,45,82,78,3,5,131,135,124,46,43,0,25,18,63,110,9,62,68,126,142,20,44,90,48,144,113,114,72,138,125,2"
81,"0.826375,0.842400","99,39,75,121,17,53,95,80,91,86,38,42,123,59,106,130,84,51,32,74,71,140,24,137,93,79,101,108,36,65,134,13,16,41,66,61,105,22,49,145,14,60,58,55,136,100,10,133,52,47,7,119,112,115,35,143,107,118,97,31,117,147,83,96,19,64,21,12,94,122,30,88,50,109,26,148,92,141,104,3,70,11,120,1,37,73,116,87,15,27,34,8,102,135,46,132,54,67,149,85,4,82,139,128,29,77,40,76,69,98,110,6,129,89,57,63,78,127,25,146,131,45,5,33,111,126,43,56,124,28,18,72,20,144,23,0,44,103,48,90,62,9,142,68,113,138,114,125,2"
15,"0.880148,0.203202","1,149,128,6,27,141,50,37,40,31,11,56,23,85,133,146,89,54,148,10,136,55,52,98,73,122,132,104,8,145,22,103,33,16,21,14,83,111,61,47,119,41,118,26,108,112,60,87,64,24,28,13,74,32,96,51,130,140,117,102,9,68,19,57,12,92,94,127,49,69,115,91,0,124,77,45,80,75,35,65,34,59,62,5,105,66,95,134,100,142,99,81,18,29,121,129,67,43,39,131,120,114,76,137,70,78,36,116,17,147,139,53,106,38,86,42,123,97,4,113,138,93,84,79,101,82,58,71,125,107,25,88,2,143,90,44,20,7,30,135,48,109,126,63,3,46,110,144,72"
62,"0.267351,0.149332","142,0,124,114,18,45,5,127,28,9,57,138,113,43,69,68,125,77,131,102,87,111,129,2,33,29,78,92,34,26,76,8,132,67,104,98,73,103,64,94,139,96,12,120,19,54,21,89,117,85,83,122,70,146,90,148,118,116,4,112,25,119,115,44,11,82,35,47,20,40,48,56,60,141,147,149,50,100,49,14,126,61,41,10,97,13,15,31,105,23,88,66,6,63,65,108,135,55,133,134,1,128,107,27,136,16,37,36,30,32,22,130,109,58,145,143,59,52,137,110,24,46,80,91,74,51,3,144,95,75,121,72,7,140,106,79,93,101,81,39,99,38,86,17,71,42,53,84,123"
70,"0.279774,0.550071","120,116,139,67,4,76,82,34,29,78,129,25,147,35,94,12,92,19,115,131,77,117,97,96,100,88,43,69,20,102,44,5,64,57,127,90,45,126,18,48,135,112,107,63,87,49,105,118,26,66,119,124,60,83,47,65,30,21,134,109,143,113,0,58,13,36,62,122,110,46,104,138,3,41,8,142,73,61,14,28,132,137,144,148,108,7,125,59,72,114,98,111,33,54,95,79,101,85,9,93,80,10,32,91,130,121,75,11,106,89,68,55,146,16,2,51,24,50,74,31,133,141,38,103,40,39,81,86,136,71,22,99,42,145,17,149,84,140,53,123,15,56,52,1,27,6,128,37,23"
77,"0.335779,0.355679","69,102,57,127,45,5,92,34,129,29,131,43,18,87,124,78,67,76,94,12,26,19,96,0,64,120,117,139,70,62,116,118,115,28,112,21,83,142,4,35,104,8,113,119,73,132,122,25,138,82,47,111,33,114,9,98,148,147,90,60,100,44,54,68,49,125,20,85,89,48,97,105,146,14,11,61,13,41,103,88,66,65,126,2,134,40,10,107,108,135,141,63,50,31,149,55,36,56,30,133,58,143,16,32,109,15,59,137,136,130,80,91,110,46,22,95,24,3,1,6,75,74,51,145,128,27,121,23,144,7,52,79,93,37,101,106,72,81,140,39,99,38,86,71,17,42,53,84,123"
88,"0.273139,0.774850","97,107,135,147,30,109,143,63,82,3,46,110,100,116,4,58,70,35,25,126,120,105,139,7,66,115,134,36,67,20,144,65,76,49,72,94,12,44,19,34,78,29,48,117,137,129,92,96,101,79,90,93,131,112,64,60,77,59,13,118,102,106,43,119,47,69,95,5,121,41,26,57,83,127,87,80,45,18,61,21,75,71,14,91,108,38,86,39,130,32,84,42,81,122,124,17,113,99,123,104,53,51,0,74,24,73,8,138,62,10,132,148,16,55,142,28,140,54,125,98,22,133,136,85,111,33,11,145,31,114,50,89,9,141,146,68,52,40,2,149,103,15,1,56,27,37,6,128,23"
125,"0.063800,0.119939","138,113,2,114,142,62,18,0,43,124,5,45,131,127,9,57,69,129,78,90,77,68,28,29,76,102,67,34,44,139,87,92,48,20,25,111,120,4,70,116,33,26,82,94,12,8,19,132,96,104,64,103,73,98,117,126,21,83,118,115,54,89,122,35,112,85,146,148,119,147,47,63,11,100,88,40,97,135,60,56,49,141,105,14,149,107,50,61,66,13,41,65,144,10,30,110,134,109,23,31,15,46,108,143,72,3,6,55,58,133,36,128,1,27,136,16,137,32,59,37,130,22,7,80,91,145,24,95,74,75,51,52,121,79,101,93,106,140,81,39,38,99,86,71,17,42,53,84,123"
144,"0.008669,0.917130","72,110,46,63,135,3,126,109,30,88,20,143,107,48,82,25,44,97,4,147,7,116,90,58,139,70,120,76,100,67,78,35,29,36,105,129,34,66,115,134,131,65,94,12,101,19,79,93,49,137,43,92,117,77,96,5,69,18,106,102,64,112,113,45,59,60,57,127,71,118,13,138,95,119,121,47,87,26,38,86,124,80,83,84,75,41,21,91,42,61,39,125,0,14,62,108,17,123,81,142,130,53,32,122,99,104,8,73,114,51,28,74,132,24,2,148,10,16,55,98,111,33,54,140,9,85,22,68,133,11,136,89,145,31,50,146,141,40,103,52,149,15,56,1,27,6,37,128,23"
30,"0.271606,0.894347","109,3,143,107,46,88,135,110,97,58,7,63,147,144,72,100,36,82,126,105,66,134,4,116,35,25,65,70,101,79,93,137,120,139,115,49,20,67,44,48,106,76,94,12,19,59,34,117,78,29,71,95,121,129,96,90,92,60,38,13,86,112,80,75,64,84,131,91,42,118,39,47,119,77,41,17,81,123,102,43,61,108,69,53,130,14,32,83,99,5,26,21,57,87,127,45,18,51,74,24,122,124,16,104,113,10,140,73,55,8,0,138,148,132,62,22,133,145,136,142,28,54,31,98,125,11,85,33,111,50,114,52,89,141,146,9,40,68,149,2,15,103,1,27,37,56,128,6,23"
19,"0.443729,0.491366","12,94,117,96,115,64,92,35,112,118,34,119,26,102,83,120,47,87,77,70,21,60,67,29,49,69,100,129,116,76,57,127,139,147,78,122,105,131,45,4,5,13,66,104,14,65,41,61,43,97,73,8,82,134,18,132,124,148,25,108,88,0,107,28,54,98,10,36,85,33,62,111,11,59,137,58,32,20,55,89,44,130,135,142,90,80,16,50,143,31,91,146,133,113,95,30,141,126,63,75,48,136,24,40,9,51,121,74,138,109,22,68,114,103,106,145,79,93,149,101,7,3,81,46,15,39,125,110,99,140,38,52,56,86,1,71,17,42,27,6,128,53,84,37,123,144,2,72,23"
21,"0.580984,0.381486","83,122,118,119,26,64,112,47,104,73,96,148,87,8,117,132,60,19,12,14,94,102,92,54,61,98,85,11,115,41,10,57,69,13,77,127,89,50,49,33,35,141,34,108,111,31,146,55,28,40,45,133,124,29,5,149,129,100,136,16,67,0,120,105,70,65,66,15,76,131,103,18,78,32,43,22,116,134,56,130,139,145,1,147,62,9,24,74,27,6,52,68,51,128,4,142,91,59,80,37,97,36,75,82,95,137,23,140,25,121,114,88,113,107,81,58,138,99,39,106,44,90,20,93,79,143,38,101,125,86,135,17,30,48,42,53,126,63,109,71,123,7,84,2,3,46,110,144,72"
100,"0.459306,0.682211","105,35,66,49,147,65,115,134,97,36,107,19,12,117,94,60,88,58,70,96,13,112,120,137,116,64,143,47,118,119,59,92,41,34,4,67,82,30,139,61,14,108,95,76,83,29,135,79,109,93,80,101,7,21,121,91,106,129,75,26,25,78,102,32,77,130,87,3,63,69,122,46,131,38,57,39,86,81,51,127,110,71,24,126,74,5,10,20,43,99,104,45,16,42,17,44,84,55,73,8,148,18,53,123,48,132,90,124,140,22,133,136,145,144,31,54,0,11,72,98,85,50,28,62,33,141,111,89,52,113,146,142,40,138,149,15,9,1,114,103,68,27,125,37,56,128,6,23,2"
102,"0.393454,0.346297","69,57,77,127,87,92,45,26,34,5,64,94,96,12,124,29,129,19,117,18,131,43,67,0,118,21,83,76,78,104,112,8,28,120,73,115,132,122,119,70,62,139,35,47,116,142,111,33,148,98,4,54,60,9,85,113,89,49,82,68,114,138,25,100,147,11,146,14,61,41,13,103,105,90,125,44,97,40,66,20,10,65,141,50,108,134,88,48,31,149,55,56,107,133,126,2,15,135,16,36,136,63,32,130,59,58,137,1,22,6,30,80,91,24,143,145,128,27,74,51,95,75,23,109,52,37,121,46,3,110,106,79,93,140,101,7,81,39,99,144,38,86,17,72,42,71,53,84,123"
117,"0.478353,0.486953","96,19,12,94,64,112,115,118,92,119,35,47,83,26,21,60,34,102,87,49,77,100,120,69,122,70,29,67,57,13,105,129,127,116,14,104,61,41,76,147,66,139,73,65,78,8,45,5,131,134,148,132,4,108,97,43,124,18,82,10,54,98,25,0,85,28,88,36,11,107,33,55,32,111,59,89,130,137,16,31,50,62,133,80,58,91,146,141,95,136,24,75,142,51,74,40,20,22,143,121,44,135,90,30,9,145,113,149,63,126,103,106,48,68,109,93,79,138,101,15,81,114,39,140,52,7,99,56,38,1,86,3,46,27,125,6,17,110,128,42,71,37,53,84,123,23,144,2,72"
3,"0.217075,0.955084","46,109,30,110,143,135,107,88,72,63,144,7,97,58,147,126,82,36,100,4,25,105,116,101,134,66,79,93,70,20,35,137,65,120,139,48,44,115,49,67,106,76,71,59,94,12,19,78,90,34,29,117,95,121,129,38,86,96,84,92,60,13,80,75,131,42,112,64,39,91,17,123,77,118,47,81,119,43,41,53,102,69,61,99,108,5,130,32,14,83,26,57,18,127,87,21,45,51,74,24,122,113,124,16,104,140,138,10,0,73,8,55,62,148,132,22,142,145,133,136,28,125,54,98,31,11,85,111,33,114,50,52,89,141,9,146,2,40,68,149,15,103,1,27,37,56,128,6,23"
121,"0.745132,0.840796","95,75,59,39,80,81,106,38,91,86,99,17,137,42,53,123,84,71,130,93,79,101,32,36,51,134,65,74,24,66,13,140,108,105,49,41,58,61,16,60,100,14,7,22,145,47,55,143,107,35,115,10,97,119,136,112,147,133,118,117,52,19,96,12,83,64,30,88,94,21,31,109,122,3,26,92,70,120,116,50,148,135,46,34,104,87,67,73,4,82,102,139,11,141,8,29,110,76,132,77,63,1,54,129,69,15,37,85,78,25,27,57,149,127,98,40,131,89,128,45,126,5,6,146,43,144,72,20,33,18,111,124,44,28,56,0,48,90,103,62,23,142,9,113,68,138,114,125,2"
112,"0.550253,0.474551","118,119,47,64,96,117,83,60,21,19,12,94,115,26,122,49,14,92,35,61,41,13,87,102,104,73,100,148,34,108,8,105,77,69,132,66,10,65,57,127,120,134,70,29,67,54,129,147,55,11,116,98,45,85,76,32,16,31,5,133,139,78,50,130,131,97,89,136,124,59,141,33,28,4,111,36,43,91,24,80,18,146,22,74,51,137,0,40,95,75,82,145,149,88,107,121,25,58,15,62,52,140,103,1,81,106,142,9,39,99,56,143,27,93,79,68,101,6,128,37,38,30,135,86,20,113,44,17,90,109,114,42,7,63,138,53,126,71,48,123,84,23,3,46,125,110,2,144,72"
32,"0.807933,0.664480","130,51,24,74,108,91,80,75,16,140,41,13,61,95,59,22,81,14,99,121,145,55,39,136,60,10,65,133,49,137,17,134,38,86,53,47,66,106,52,42,105,119,123,36,31,112,84,118,71,93,79,100,83,101,21,115,117,122,64,96,50,35,19,12,58,148,94,26,141,11,104,1,73,147,37,15,97,27,92,8,54,132,87,107,149,85,7,128,40,143,102,98,6,34,89,70,120,88,146,116,77,69,67,57,29,30,127,76,33,139,129,4,111,56,109,82,78,45,5,28,131,135,3,23,124,103,25,43,18,46,0,63,110,62,9,126,20,68,44,142,90,48,113,144,72,114,138,125,2"
124,"0.315540,0.218261","0,45,127,62,57,18,5,69,142,77,28,43,102,87,131,114,9,129,113,92,29,138,34,26,68,111,78,33,76,8,67,132,125,104,73,64,94,96,12,98,19,21,117,139,120,83,122,118,70,54,103,148,112,2,116,85,89,119,146,4,115,90,47,35,25,11,82,44,40,60,20,48,147,141,56,49,100,14,50,61,149,41,13,10,97,105,126,31,66,88,15,65,108,134,55,23,133,63,6,135,107,1,128,136,27,16,36,32,37,22,30,130,58,59,145,143,109,137,24,52,80,91,74,51,110,95,75,46,3,121,144,140,7,106,79,93,101,81,72,39,99,38,86,17,71,42,53,84,123"
127,"0.351169,0.291718","57,69,45,77,102,124,5,87,18,0,92,43,131,129,34,26,29,62,28,78,142,67,76,94,64,96,12,19,8,104,117,132,73,21,111,120,83,118,113,33,139,9,70,112,114,122,138,98,116,115,68,119,148,54,35,4,47,85,125,89,25,146,82,60,103,90,11,147,44,49,100,20,14,2,40,61,48,41,13,141,105,97,50,10,66,56,149,65,88,108,126,31,134,55,15,107,133,135,63,136,16,36,6,1,32,23,128,130,30,27,58,59,22,137,143,145,109,24,80,91,37,74,51,95,75,52,110,46,121,3,106,7,144,140,79,93,101,81,39,99,72,38,86,17,71,42,53,84,123"
22,"0.918989,0.524860","145,16,136,55,52,133,24,10,74,140,51,32,108,31,130,61,14,41,13,50,91,80,37,1,75,60,47,27,141,99,15,81,119,95,59,122,11,128,121,83,148,39,21,149,112,118,49,6,65,40,17,53,54,104,73,85,64,66,134,86,38,137,105,117,96,42,8,132,123,106,26,89,115,98,146,19,36,12,100,84,94,35,56,87,71,23,93,79,101,92,33,102,111,58,103,147,57,69,34,77,127,97,28,120,70,107,29,67,45,116,129,124,76,7,143,5,88,139,0,78,131,4,9,18,43,68,82,30,62,109,25,142,135,3,114,46,63,113,20,44,110,126,138,90,48,125,144,72,2"
51,"0.861806,0.685950","74,24,130,32,140,91,80,75,16,108,99,81,22,95,145,59,121,39,41,13,61,55,14,136,17,53,10,133,86,38,52,42,123,106,60,137,65,49,134,84,66,47,31,105,71,36,119,93,79,101,112,118,83,100,50,21,122,115,117,64,96,35,58,148,19,141,1,37,12,11,94,27,15,26,104,73,149,147,97,128,54,8,7,132,107,85,92,87,40,6,143,98,89,102,34,146,88,70,120,116,77,69,30,67,57,29,56,33,127,76,139,109,111,129,4,23,82,45,78,28,3,5,135,131,103,124,25,46,43,18,0,63,110,9,62,126,68,20,142,44,90,48,144,113,72,114,138,125,2"
52,"0.986412,0.453592","145,136,22,133,55,16,31,10,37,24,1,140,27,50,74,51,108,15,32,14,61,128,130,141,41,6,149,11,13,91,148,47,40,60,122,80,119,75,99,83,21,54,85,81,118,112,95,73,59,104,89,121,39,146,56,23,132,8,49,98,64,26,65,17,53,96,117,66,134,86,38,105,42,123,137,115,106,19,87,33,12,94,111,100,36,103,35,84,92,102,71,93,79,101,28,57,69,127,77,34,58,147,45,97,120,124,70,29,67,9,0,129,68,5,116,107,76,78,131,139,18,43,7,143,62,88,4,142,82,30,25,114,109,135,113,3,138,63,20,46,44,90,126,110,125,48,2,144,72"
63,"0.104809,0.779940","135,126,110,144,88,46,82,109,30,25,72,3,20,4,48,97,107,44,147,116,143,139,70,120,90,67,76,78,100,58,35,29,7,129,34,115,131,105,94,12,66,19,36,134,92,43,65,117,49,77,96,5,69,18,102,137,64,45,101,112,79,57,93,127,113,118,60,87,119,26,47,13,138,59,124,106,83,21,95,41,0,121,62,61,71,80,14,125,75,142,108,38,91,122,86,104,84,39,130,32,8,42,73,28,81,114,132,17,123,148,99,53,51,2,74,24,10,111,98,33,54,16,9,55,85,68,11,89,140,133,22,136,31,146,50,145,141,40,103,52,149,15,56,1,27,6,128,37,23"
73,"0.593245,0.256923","104,8,132,148,54,98,122,85,21,89,26,11,33,83,87,146,111,40,118,64,28,119,141,102,112,47,50,103,96,57,149,127,69,117,92,56,10,31,77,19,12,124,14,94,45,0,60,15,9,61,68,41,5,133,34,55,115,6,62,1,18,13,128,136,27,29,108,129,142,23,35,43,49,131,67,37,16,76,78,120,22,70,114,145,52,100,139,116,105,32,65,66,130,24,113,74,134,4,147,138,51,91,82,80,59,125,97,25,140,75,95,36,137,121,88,90,2,44,107,81,20,99,58,39,106,48,135,38,143,126,86,93,79,101,17,30,63,53,42,123,109,71,84,7,3,46,110,144,72"
97,"0.346358,0.751138","147,88,107,100,143,30,35,58,105,135,109,66,116,70,82,134,115,36,120,65,4,49,3,63,46,7,139,25,19,94,12,110,67,137,117,76,126,34,96,29,92,78,60,101,79,93,112,20,129,64,13,59,118,44,144,47,119,106,48,131,72,95,77,41,102,121,80,69,61,83,90,75,26,14,108,91,21,43,87,5,71,57,38,127,86,130,32,45,39,18,81,84,42,122,17,99,51,123,74,53,24,104,124,10,73,8,16,148,132,55,0,113,140,62,22,133,138,28,136,54,98,145,142,31,11,85,33,111,50,89,125,141,52,114,146,9,40,68,149,15,103,1,2,27,56,37,128,6,23"
99,"0.853426,0.841741","81,39,17,53,75,121,91,80,95,86,42,123,38,51,59,130,84,106,74,140,32,24,71,137,93,79,101,108,16,36,13,65,134,41,22,66,145,61,105,14,49,55,60,136,58,10,52,133,100,47,7,119,112,115,31,35,118,143,107,97,117,83,147,96,21,64,19,12,122,94,50,88,30,148,26,109,141,1,37,92,11,104,27,15,73,70,3,120,87,116,8,34,54,132,149,102,128,85,135,46,67,40,6,4,82,139,29,77,98,69,76,89,129,110,57,146,127,78,63,25,45,33,131,5,111,56,43,126,28,124,18,23,20,72,144,103,0,44,48,62,90,9,142,68,113,138,114,125,2"
143,"0.354204,0.911578","107,30,58,109,7,3,88,97,46,135,36,147,110,100,134,105,101,66,79,93,137,63,65,35,49,106,72,82,144,116,115,59,70,4,126,71,120,95,121,25,38,139,86,19,12,84,94,80,75,13,117,67,42,60,20,39,91,76,34,96,17,123,81,112,29,44,78,41,53,92,48,64,47,99,129,130,118,119,108,61,32,14,90,131,51,77,83,102,74,24,21,26,69,43,87,5,57,127,16,140,45,122,18,10,55,104,22,124,73,145,8,148,136,133,132,113,0,31,62,54,138,28,11,98,52,50,85,142,33,111,141,89,125,146,40,114,149,9,15,1,68,103,27,37,128,2,6,56,23"
27,"0.953957,0.213115","1,37,128,15,6,149,50,141,31,40,23,11,133,52,56,136,10,55,85,146,89,148,54,145,22,16,98,122,73,132,104,8,14,103,61,21,33,83,108,41,47,111,119,24,118,74,26,32,60,140,112,51,13,130,64,87,28,96,117,91,102,49,19,68,9,12,80,94,92,57,75,115,127,69,59,77,0,99,124,95,65,81,45,35,66,105,121,134,34,39,100,62,5,142,137,29,18,17,129,53,67,36,38,86,120,131,43,106,70,42,76,114,123,78,147,116,139,84,97,93,79,71,101,4,58,113,138,82,107,88,25,125,143,2,7,30,90,44,20,135,109,48,63,126,3,46,110,144,72"
42,"0.798971,0.951119","123,86,17,38,84,53,39,71,106,81,99,121,95,75,93,79,80,101,59,91,137,130,36,51,32,74,140,24,134,65,66,58,108,105,13,7,49,41,16,61,100,22,14,143,60,145,107,55,97,136,47,35,10,115,147,133,30,52,119,112,88,109,118,117,19,3,96,12,83,64,94,31,21,46,122,135,70,120,116,92,26,50,110,148,34,82,4,104,67,63,87,139,73,141,11,102,1,29,76,37,8,15,27,132,77,25,129,54,69,78,85,149,72,57,144,126,128,127,98,40,131,89,6,45,5,20,146,43,44,33,18,111,124,48,28,56,90,0,23,103,62,142,9,113,68,138,114,125,2"
53,"0.845873,0.931666","17,123,42,39,86,38,99,84,81,121,71,106,75,95,80,91,59,93,79,101,137,51,130,140,74,32,24,36,134,65,108,66,13,16,58,105,41,49,22,61,145,7,14,60,100,55,136,143,10,52,133,47,107,97,35,119,115,112,147,118,30,117,31,88,83,96,19,109,64,12,21,94,3,122,50,46,26,92,70,148,135,120,116,141,104,1,37,11,34,110,73,87,27,15,82,4,67,102,8,139,132,54,63,29,149,76,85,77,128,69,129,40,25,6,98,78,57,89,127,146,72,131,126,144,45,5,33,43,20,111,56,124,18,28,44,48,0,23,103,90,62,9,142,68,113,138,114,125,2"
72,"0.015413,0.967569","144,110,46,3,63,135,109,30,126,88,143,107,20,82,97,48,25,7,44,147,4,58,116,90,70,139,120,100,67,76,35,36,78,105,66,134,29,101,115,79,129,34,93,65,137,131,94,49,12,19,92,43,117,106,96,77,5,59,71,69,64,18,102,112,60,95,121,45,38,13,113,118,57,127,86,84,119,47,80,75,42,87,138,26,91,39,41,83,124,17,123,21,61,81,108,14,53,130,99,32,125,0,62,122,142,51,104,74,24,73,8,28,114,132,148,10,16,2,140,55,98,111,54,33,22,9,133,85,136,145,11,31,68,89,50,146,141,52,40,103,149,15,1,56,27,37,6,128,23"
35,"0.427938,0.596124","115,100,19,12,94,117,147,49,96,105,70,120,112,116,66,97,64,92,34,60,65,118,67,134,119,47,139,4,29,76,88,82,13,129,107,83,102,26,77,78,21,36,69,87,41,25,61,14,58,131,57,127,137,122,108,143,5,135,59,45,30,43,104,109,18,63,73,95,80,20,8,32,91,126,130,44,124,148,75,132,121,7,10,79,93,101,106,3,90,48,46,0,55,16,51,110,24,74,54,28,98,81,39,38,85,11,62,133,86,31,33,136,111,99,22,113,71,50,89,142,42,17,145,141,140,144,84,138,146,53,123,40,72,9,52,114,149,68,103,15,125,1,56,27,6,37,128,2,23"
87,"0.458160,0.320803","26,102,57,69,127,92,64,77,104,21,8,96,83,73,45,118,132,122,117,94,12,19,124,112,34,28,5,119,0,148,98,111,33,29,47,129,18,54,131,115,43,85,67,62,76,78,89,60,120,35,11,146,142,70,9,139,116,14,68,103,49,61,40,41,141,4,13,114,10,50,100,113,147,138,149,31,105,108,82,25,56,66,55,65,133,15,125,97,134,136,90,16,44,20,1,88,32,6,22,128,27,130,48,23,145,107,36,2,24,59,37,74,91,51,80,52,137,126,135,95,75,58,63,121,143,30,140,109,81,106,39,99,93,79,101,3,7,38,46,110,86,17,42,53,71,123,84,144,72"
130,"0.809727,0.687229","32,51,74,24,91,80,75,108,140,95,59,16,81,13,99,41,121,61,39,22,14,145,55,17,65,60,137,38,53,86,136,10,106,49,134,42,133,66,123,105,47,52,36,84,119,71,93,79,112,101,31,100,118,83,115,21,117,35,122,64,96,58,50,19,12,94,148,26,141,147,11,97,104,1,73,107,37,15,7,92,27,8,143,87,54,132,149,85,128,102,40,88,34,70,120,98,6,89,116,30,77,146,69,67,57,29,127,139,109,76,129,4,33,82,111,78,56,45,3,135,5,131,28,25,124,23,46,43,103,18,0,63,110,126,62,20,9,44,68,142,48,90,144,72,113,114,138,125,2"
137,"0.624446,0.845679","36,59,106,93,79,134,101,95,121,65,66,80,75,38,105,86,58,71,91,39,81,42,84,17,49,99,100,123,53,130,13,7,32,143,107,108,51,41,97,60,74,24,35,61,147,115,14,140,30,88,47,112,16,109,119,117,19,12,118,94,96,3,64,22,55,10,83,145,70,135,46,120,116,21,136,92,133,82,4,34,110,122,26,67,139,63,52,76,29,31,102,87,25,129,77,78,104,148,69,73,126,50,8,57,131,127,132,144,72,11,20,54,5,141,45,43,44,85,98,48,18,15,1,124,89,149,40,90,37,27,146,33,28,111,0,128,6,62,56,113,142,103,9,138,68,23,114,125,2"
47,"0.610252,0.479287","119,112,60,118,83,21,14,64,61,41,96,117,13,122,49,19,26,115,12,108,94,10,104,148,35,87,73,92,8,55,105,65,132,100,102,66,16,133,32,31,11,134,54,50,136,130,34,85,69,77,98,57,24,22,141,127,74,59,51,91,80,145,120,89,70,147,29,67,75,129,40,95,36,45,146,116,33,137,76,111,149,52,97,5,28,121,15,139,78,124,140,131,1,4,43,18,0,81,27,99,58,107,39,106,82,88,37,103,128,6,56,38,93,62,79,25,86,101,9,17,143,42,142,53,68,71,123,30,23,84,135,7,109,20,113,44,114,63,90,138,126,48,3,46,125,110,2,144,72"
41,"0.703307,0.565216","61,14,13,108,60,47,32,119,10,130,49,16,55,112,24,118,74,51,91,83,65,80,133,22,21,136,59,66,105,134,75,117,145,64,122,96,115,95,31,19,100,140,35,121,12,94,137,26,148,81,52,36,50,99,104,39,73,11,92,87,8,106,141,132,54,38,86,17,102,85,147,53,93,42,79,34,97,98,15,101,58,1,149,123,40,89,120,77,70,69,71,27,84,57,37,146,107,116,127,67,29,128,129,33,76,6,88,139,111,45,143,78,4,5,28,131,7,56,82,124,43,30,18,0,103,25,109,23,135,62,9,3,68,142,63,46,20,44,126,110,90,113,48,114,138,144,125,72,2"
46,"0.174635,0.939320","3,110,109,30,135,72,144,63,143,88,107,97,7,126,58,147,82,25,4,20,100,116,36,70,48,105,44,120,139,66,35,134,101,79,93,65,137,67,115,76,49,90,78,29,34,94,12,19,106,129,117,59,71,92,131,96,95,121,38,60,86,112,13,64,77,84,43,80,75,118,42,102,69,47,119,91,39,5,41,17,123,81,18,57,61,45,127,53,26,108,83,87,130,14,99,21,32,113,51,124,74,122,24,138,0,104,62,16,73,10,8,140,142,132,55,148,125,28,22,133,136,145,54,98,114,31,111,85,33,11,50,89,9,2,52,141,146,68,40,149,103,15,1,27,56,37,128,6,23"
79,"0.617762,0.955649","93,101,106,137,71,36,38,86,84,121,58,42,59,95,7,39,17,134,123,75,53,65,80,81,66,91,99,105,143,107,100,49,130,97,32,30,13,51,109,147,74,108,88,24,41,3,35,60,140,115,61,46,14,135,47,16,112,117,110,19,119,12,94,96,118,22,70,116,64,120,55,145,63,10,82,83,4,136,21,92,133,139,34,67,72,25,144,26,122,76,52,29,126,31,129,102,78,87,77,69,104,20,148,73,131,57,50,44,8,127,132,48,5,11,43,45,141,54,90,85,18,98,1,15,124,89,37,149,27,40,146,33,0,28,111,128,6,62,113,142,56,103,138,9,68,23,114,125,2"
129,"0.259903,0.415793","29,78,131,76,67,34,43,77,5,139,120,69,92,70,18,45,116,102,127,57,4,94,12,19,25,124,82,87,96,117,64,115,90,35,0,113,26,44,20,62,138,147,142,112,118,48,83,21,28,100,119,97,126,104,125,47,88,8,114,122,73,49,132,60,63,105,135,111,9,33,66,107,148,98,68,65,54,134,13,2,14,85,61,41,30,89,109,11,146,143,36,58,103,108,110,46,10,3,40,144,137,141,50,59,55,31,32,72,7,130,149,133,80,16,95,91,56,75,136,121,79,101,93,24,15,51,74,106,22,145,1,81,6,39,38,27,128,86,52,99,23,140,71,37,42,17,84,53,123"
7,"0.428694,0.999485","58,143,107,101,30,79,93,109,36,3,137,46,97,88,134,106,71,66,105,65,110,100,147,135,38,59,86,84,121,95,42,49,63,39,123,75,17,35,80,72,53,81,144,91,115,99,82,13,116,70,4,120,126,60,130,32,19,12,25,41,94,117,108,139,51,112,61,96,67,47,74,24,14,119,34,76,20,118,64,92,29,78,44,140,129,48,83,16,21,77,26,102,131,90,69,10,55,87,22,122,145,43,57,5,127,136,133,45,104,18,73,148,8,31,52,132,124,50,54,11,0,113,98,85,141,28,62,138,89,33,111,142,40,146,15,149,1,27,37,125,9,114,128,6,103,68,56,2,23"
26,"0.502288,0.351129","87,64,21,83,118,102,104,96,122,92,8,73,112,117,119,132,57,19,12,94,69,127,77,47,148,34,45,98,54,115,60,28,124,85,33,5,111,29,129,0,11,35,89,14,67,18,131,61,146,43,120,76,49,78,41,70,13,10,62,40,141,50,116,139,9,100,103,142,108,31,68,105,55,149,4,147,66,133,65,56,15,134,136,82,114,16,113,25,97,32,138,1,22,130,6,145,27,128,24,88,59,36,74,51,91,80,52,125,90,37,44,107,23,20,137,75,95,58,48,121,140,135,126,2,143,63,81,30,106,99,39,93,79,101,109,38,86,7,17,3,42,46,53,71,110,123,84,144,72"
45,"0.308741,0.281950","127,5,57,69,124,18,77,43,102,0,131,62,129,87,29,92,34,142,78,28,76,67,26,113,94,138,12,114,64,96,19,139,120,9,117,8,70,104,111,132,73,116,33,21,68,125,118,83,4,112,115,122,98,119,35,25,90,148,82,54,47,85,44,89,2,103,146,20,60,147,48,11,100,49,40,14,97,61,105,126,41,13,141,88,66,50,10,56,65,149,134,63,108,135,31,107,55,15,133,36,136,30,16,6,58,23,32,1,143,109,128,59,130,137,27,22,110,80,91,46,24,145,3,37,74,95,51,75,52,144,121,7,79,106,93,101,72,140,81,39,99,38,86,17,71,42,53,84,123"
64,"0.502945,0.434368","96,118,117,112,19,26,83,12,119,94,21,92,47,87,115,102,122,60,104,35,34,77,69,57,73,8,127,49,14,132,148,29,61,41,13,120,67,129,45,70,100,76,5,54,116,105,78,98,131,124,139,108,66,85,10,65,147,43,11,28,18,33,0,111,134,4,89,55,50,146,97,31,141,82,62,133,40,16,32,25,136,130,142,36,59,88,9,149,103,22,80,107,91,24,137,74,68,51,15,145,95,75,113,58,56,121,114,20,44,138,1,90,52,135,143,27,6,140,128,30,48,106,81,126,37,63,93,79,39,101,99,125,109,38,23,86,7,17,3,42,46,71,53,110,123,84,2,144,72"
69,"0.348995,0.330672","77,57,127,102,45,5,92,87,124,34,18,129,29,131,43,26,0,78,67,94,76,12,96,64,19,62,117,28,120,139,70,142,118,21,104,83,8,112,116,115,73,132,113,122,119,35,4,111,33,138,9,47,98,114,148,25,82,68,54,60,85,125,90,147,89,100,49,44,146,20,11,103,14,61,48,105,97,13,41,40,66,2,88,65,141,10,126,50,134,108,149,107,31,56,135,63,55,133,36,15,16,136,32,30,58,59,143,130,137,109,1,6,22,80,91,24,128,23,27,145,95,74,51,75,110,46,3,121,37,52,7,144,106,79,93,101,140,81,39,99,72,38,86,17,71,42,53,84,123"
105,"0.523754,0.711156","66,65,134,100,49,36,35,115,137,13,97,147,60,58,59,107,117,41,19,95,112,12,94,80,47,61,96,121,108,88,119,79,93,143,75,91,101,106,118,14,64,130,32,70,120,7,116,30,83,92,38,39,81,86,21,34,51,109,71,67,4,24,74,82,99,139,26,42,135,17,29,76,84,16,122,102,10,53,3,123,87,129,77,78,55,25,46,69,140,63,22,104,57,131,110,133,136,127,145,148,73,8,5,126,45,31,43,132,20,44,18,50,54,11,52,124,48,85,98,144,90,141,72,0,89,28,33,111,40,146,149,62,15,1,113,142,27,37,138,128,9,103,6,56,68,114,125,23,2"
146,"0.669083,0.122946","89,85,98,54,40,103,11,33,56,132,111,148,8,73,149,141,104,50,122,15,23,28,6,21,128,26,1,9,68,87,83,31,27,37,10,118,119,64,0,102,57,127,47,124,133,112,69,96,55,14,45,62,136,92,77,117,61,142,60,19,12,94,5,41,18,52,114,16,22,34,108,145,13,115,43,129,29,131,49,35,67,78,76,32,120,24,113,70,138,130,74,51,139,100,116,125,105,65,66,140,134,91,4,2,147,80,59,75,82,95,25,97,36,121,137,81,90,99,44,88,39,20,107,106,58,48,38,86,17,53,93,79,42,101,126,135,143,123,63,30,71,84,109,7,3,46,110,144,72"
4,"0.205167,0.570276","82,116,139,25,70,120,67,76,78,29,20,129,44,34,147,131,126,48,90,88,35,97,63,94,135,43,92,12,115,77,19,5,100,69,117,102,18,107,96,45,57,127,64,30,109,105,87,112,49,110,113,124,26,46,118,143,66,3,144,134,65,138,119,58,60,83,0,47,21,62,36,72,142,13,125,122,104,7,28,8,41,73,137,61,14,132,114,148,59,108,111,33,101,79,98,93,9,54,2,95,80,85,68,106,121,91,10,32,75,130,89,11,146,55,16,38,51,24,71,86,74,39,103,50,81,31,133,141,40,136,99,42,84,17,22,145,149,53,123,140,56,15,52,1,6,27,128,37,23"
76,"0.241072,0.465814","67,78,29,129,139,120,34,131,70,116,4,43,77,25,82,92,5,69,94,18,102,12,45,19,57,127,44,90,20,35,115,117,96,147,48,124,87,64,113,26,126,0,97,100,112,88,118,138,62,63,142,83,135,119,21,49,47,105,107,28,60,125,104,66,122,8,114,73,132,65,134,30,109,13,111,9,143,148,33,98,110,14,41,61,58,46,36,54,68,3,2,85,144,108,89,137,11,146,72,10,59,7,103,40,32,50,80,95,141,55,130,91,79,101,93,31,75,121,16,133,106,149,24,136,51,74,56,22,15,81,39,38,145,86,71,99,1,140,42,17,52,6,84,27,128,53,123,23,37"
89,"0.661117,0.147205","146,85,54,98,40,11,132,33,148,8,73,103,111,56,104,141,149,122,50,15,28,21,23,6,26,83,87,31,128,1,9,68,27,118,10,119,64,102,47,57,37,127,0,112,133,124,96,69,14,55,45,92,117,77,136,62,61,60,19,12,94,142,41,5,18,52,16,34,108,22,114,13,115,145,43,129,29,131,49,35,67,78,76,32,120,24,70,130,74,113,138,100,139,51,116,105,65,66,125,140,134,91,4,147,80,2,59,75,82,95,25,97,36,121,137,81,90,99,44,88,39,20,107,106,58,48,38,86,17,53,93,79,101,42,126,135,143,123,63,30,71,84,109,7,3,46,110,144,72"
94,"0.426299,0.485322","12,19,117,96,92,115,64,35,34,112,118,102,120,26,77,70,67,29,119,87,69,83,129,47,116,76,21,60,57,100,49,139,127,78,147,131,45,5,4,122,105,43,104,66,82,13,97,18,65,73,8,14,41,124,61,134,25,132,148,88,0,108,28,107,98,54,62,36,10,85,33,111,20,44,11,90,142,58,135,137,59,89,113,32,55,48,126,143,130,63,146,30,50,80,16,31,91,138,133,9,95,141,75,109,40,136,24,121,114,68,51,74,103,22,149,106,79,93,101,145,7,3,125,46,110,15,81,39,56,99,38,140,52,86,1,71,17,27,42,6,144,128,53,2,37,84,123,72,23"
10,"0.799878,0.436558","55,133,31,136,14,16,61,22,50,41,108,145,52,47,122,119,141,13,60,148,11,83,21,24,32,74,118,15,1,130,112,51,149,27,104,73,54,37,85,40,140,8,64,132,128,26,49,6,96,91,89,98,117,80,146,75,19,87,115,59,12,65,94,95,66,56,105,134,33,35,92,81,121,99,102,111,100,23,39,137,103,57,69,36,77,127,28,34,106,17,38,86,53,42,45,147,120,123,29,124,70,67,129,5,93,0,79,97,101,84,116,76,71,58,9,131,78,139,68,18,43,107,62,4,88,142,82,143,25,7,114,30,113,135,109,138,20,44,63,90,3,126,125,46,48,110,2,144,72"
37,"0.988553,0.234103","27,1,128,15,6,50,149,31,141,52,133,136,40,23,11,55,10,56,145,22,85,148,16,54,146,89,122,98,14,73,132,104,61,8,108,21,24,41,103,83,74,47,33,119,140,32,51,111,118,60,130,13,112,26,64,87,96,91,28,117,80,49,75,19,102,12,94,99,92,68,9,115,59,81,57,95,127,65,69,121,66,77,39,105,35,0,124,134,45,100,34,17,137,53,5,62,86,38,106,36,42,29,123,142,18,129,67,120,131,70,43,76,84,147,78,114,116,71,93,79,139,101,97,58,4,107,113,82,88,138,25,143,125,7,30,2,90,135,44,20,109,63,48,126,3,46,110,144,72"
48,"0.002920,0.564659","44,20,90,126,25,82,4,139,63,78,116,76,67,70,120,135,131,129,29,43,34,88,144,113,147,5,18,110,138,97,77,72,46,45,92,69,109,30,35,94,107,12,127,3,57,19,102,125,115,124,100,117,96,62,143,0,142,87,64,105,26,114,2,112,58,49,66,118,134,65,119,83,21,28,7,60,47,36,104,8,122,9,73,13,132,137,68,111,41,33,61,14,148,98,101,79,93,59,54,108,85,95,106,89,80,121,11,146,91,75,103,10,32,130,71,38,86,55,40,39,50,16,141,51,81,24,31,74,133,42,84,99,17,136,149,123,22,53,56,145,15,140,52,1,6,27,128,23,37"
57,"0.360894,0.299179","127,69,45,102,77,5,124,87,18,92,0,43,26,34,131,129,29,62,28,78,64,94,96,67,12,76,19,142,117,104,8,21,132,73,83,118,120,111,33,112,139,122,70,9,113,98,115,119,116,114,138,68,148,35,54,47,4,85,89,125,60,25,146,82,103,11,90,147,49,100,44,14,40,20,61,41,2,13,105,141,48,97,50,10,66,65,56,149,88,108,31,134,126,55,15,133,107,135,63,136,16,36,6,32,1,23,130,128,59,58,27,30,22,137,143,145,24,80,91,109,74,37,51,95,75,52,121,110,46,3,106,140,7,79,93,101,144,81,39,99,38,72,86,17,71,42,53,84,123"
95,"0.736863,0.814050","121,59,75,80,91,39,81,106,137,38,99,86,17,130,42,53,32,123,51,93,36,71,84,79,65,134,101,74,24,66,13,108,105,140,49,41,61,58,60,16,14,100,22,145,47,7,55,35,115,10,119,112,107,136,143,97,133,118,147,117,19,96,52,83,12,64,94,21,88,30,31,122,109,26,92,70,120,3,116,50,148,34,104,87,135,73,46,67,102,4,11,82,139,141,8,29,132,76,77,54,110,69,1,129,15,85,37,63,78,57,27,25,149,127,98,40,89,131,128,45,5,146,6,126,43,33,20,111,124,18,144,72,28,44,0,56,48,90,103,62,23,142,9,113,68,138,114,125,2"
115,"0.456123,0.560727","35,19,12,117,94,96,100,112,49,64,118,92,60,105,119,147,47,120,70,34,66,116,65,83,67,26,21,134,13,97,29,102,76,139,77,87,129,41,4,69,61,14,78,82,122,57,88,127,107,36,131,108,104,5,45,25,58,43,137,73,59,8,148,18,132,143,10,32,124,80,130,135,95,91,30,75,121,55,20,54,0,16,109,63,98,44,24,28,51,79,93,106,85,74,126,101,11,133,7,90,31,33,111,62,48,136,50,3,89,22,81,39,46,38,141,145,142,99,146,86,110,113,40,140,71,17,42,138,9,149,53,84,52,123,103,15,68,114,144,1,125,56,72,27,6,128,37,2,23"
134,"0.559120,0.754018","65,66,105,36,137,49,100,59,58,13,95,121,35,80,93,79,106,101,97,60,75,115,91,147,107,41,108,143,130,61,32,38,39,86,7,117,47,112,81,14,88,19,71,12,119,94,96,99,118,51,42,17,30,74,84,64,24,53,123,70,120,109,83,116,16,92,21,34,140,135,3,10,4,82,67,26,55,139,122,22,46,76,29,102,145,87,136,129,133,25,63,77,78,110,69,104,148,57,31,73,131,127,8,126,52,132,5,45,20,50,43,11,54,44,18,144,85,141,98,72,48,124,90,89,0,28,33,40,15,111,149,146,1,27,62,37,128,113,142,6,103,138,56,9,68,114,125,23,2"
147,"0.342942,0.690034","97,88,100,35,107,116,70,120,115,82,105,4,66,139,135,30,94,49,143,12,19,134,67,58,25,65,117,109,34,76,63,36,29,96,92,78,129,3,126,112,46,64,60,20,110,7,137,118,77,131,119,44,13,47,102,69,48,59,26,83,43,41,101,79,93,90,87,5,21,57,61,127,144,14,45,95,106,108,18,80,72,121,75,91,122,32,130,124,104,38,71,86,39,73,8,81,0,51,132,10,148,42,113,24,74,84,99,17,16,62,55,123,53,28,138,142,54,98,133,85,22,11,136,140,33,111,31,145,50,89,125,114,141,146,9,40,52,68,149,103,15,2,1,56,27,37,6,128,23"
9,"0.397070,0.034486","68,28,111,0,62,142,33,114,124,103,98,127,45,57,132,8,146,89,18,87,73,69,104,5,54,85,102,77,26,138,125,43,113,148,2,56,40,122,131,11,92,21,129,83,64,34,29,96,118,78,141,149,94,12,76,19,117,67,112,119,23,50,47,15,120,139,70,6,115,116,31,60,128,35,4,10,1,14,90,27,61,25,41,82,133,44,37,49,55,13,20,100,136,147,108,48,105,16,66,65,22,97,52,145,134,126,88,32,130,24,74,107,51,63,135,59,36,91,80,137,75,95,140,58,30,143,121,109,81,110,99,106,46,39,3,93,79,101,144,7,38,86,17,42,53,72,71,123,84"
54,"0.652227,0.202972","85,98,89,148,132,11,73,146,8,104,40,33,122,141,111,149,50,103,21,56,83,26,87,15,28,31,118,119,6,64,10,47,1,128,112,23,102,27,9,57,96,68,127,133,14,69,55,117,0,124,92,37,61,60,77,136,45,19,12,94,41,62,5,108,13,16,115,34,142,52,22,18,145,49,29,129,35,43,131,114,67,32,76,78,120,24,70,130,74,100,105,51,65,139,116,66,113,134,138,91,140,147,4,80,59,125,75,95,82,97,25,36,137,121,2,81,99,88,90,39,107,44,20,106,58,38,86,17,48,93,79,53,101,42,143,135,126,123,30,63,71,84,109,7,3,46,110,144,72"
60,"0.614220,0.544251","47,13,119,41,112,61,14,49,118,108,117,83,64,96,115,21,19,65,12,105,35,66,94,122,100,10,134,26,32,130,55,16,92,59,91,80,104,87,148,24,133,51,74,73,75,36,136,95,102,137,8,31,22,147,34,132,121,145,120,50,70,11,77,97,69,54,57,67,116,29,85,140,127,81,141,98,129,106,58,76,39,99,52,139,107,89,45,78,4,93,79,88,38,101,40,5,86,131,146,33,149,15,82,17,111,124,28,42,43,143,53,1,18,71,123,0,27,25,84,37,30,7,128,6,135,56,103,109,62,9,142,63,20,3,44,68,126,46,23,90,113,48,110,114,138,125,144,72,2"
92,"0.394025,0.420147","94,102,34,12,19,77,96,69,117,64,87,29,57,26,129,127,67,115,120,76,45,118,112,5,78,70,131,35,83,21,43,139,116,119,18,124,47,104,122,4,60,8,0,73,100,132,49,147,82,28,25,62,148,105,98,14,142,111,13,97,33,54,61,66,41,113,65,85,134,88,44,90,20,138,89,11,9,108,146,114,10,107,68,48,126,36,135,50,103,125,40,141,55,31,63,58,133,32,59,137,16,30,143,130,149,136,80,91,109,95,56,24,75,15,22,74,51,2,121,145,3,46,110,1,106,79,7,93,101,6,52,27,128,81,39,140,37,99,38,144,23,86,71,17,72,42,53,84,123"
133,"0.874033,0.428381","136,55,10,31,22,145,52,16,50,14,61,108,1,141,41,15,37,24,27,74,32,11,51,149,148,130,47,122,128,13,140,60,119,6,83,21,40,54,85,118,112,73,104,91,132,8,89,80,98,146,64,75,49,26,56,96,117,59,95,99,81,23,65,87,121,19,115,12,66,33,105,39,94,134,111,35,92,103,100,137,102,17,53,38,86,36,106,28,42,57,69,123,127,77,34,84,93,45,79,71,101,147,124,120,29,70,0,67,129,5,97,9,58,68,116,76,131,78,18,139,43,107,62,4,88,142,143,82,7,25,114,30,109,135,113,138,20,3,44,63,90,46,125,126,48,110,2,144,72"
17,"0.824754,0.924420","53,42,123,86,39,38,84,81,99,121,71,106,95,75,80,91,59,93,79,101,137,130,51,74,32,140,24,36,134,65,108,66,13,58,105,41,16,49,61,7,22,145,14,60,100,55,143,136,107,10,47,52,133,97,35,115,119,112,147,118,30,117,88,31,19,96,83,109,12,64,94,21,3,122,50,46,26,70,92,135,120,116,148,104,34,110,141,11,87,73,1,37,82,4,67,102,27,15,139,8,63,132,29,54,76,77,149,85,129,69,128,25,78,40,57,98,6,127,89,72,126,131,144,146,45,5,43,33,20,111,124,18,44,56,28,48,0,23,90,103,62,9,142,68,113,138,114,125,2"
50,"0.816596,0.279040","141,31,15,11,149,1,40,27,148,10,133,128,6,37,85,54,55,136,89,122,146,73,98,56,104,132,52,8,21,14,83,22,145,16,23,61,47,119,41,118,33,108,26,111,112,103,60,64,13,87,24,96,32,74,117,130,28,51,102,19,140,12,94,49,92,57,115,127,69,91,9,77,68,80,35,124,45,0,65,75,105,34,66,59,100,134,95,5,81,99,62,29,121,129,18,67,142,120,39,131,137,43,70,76,36,78,116,147,139,114,17,106,38,53,86,97,42,4,123,93,79,58,101,82,84,113,71,107,138,88,25,125,143,7,90,44,30,20,2,135,109,48,63,126,3,46,110,144,72"
55,"0.849337,0.468555","133,136,10,16,22,145,31,52,14,61,108,41,24,50,32,74,51,130,13,47,140,60,141,1,119,122,15,11,37,148,27,83,21,118,91,112,149,80,128,54,104,40,73,6,75,49,85,64,8,59,132,95,26,96,117,89,99,81,65,98,121,146,66,115,105,19,134,39,12,87,94,56,137,35,100,17,92,33,23,53,38,36,86,106,102,111,42,123,103,57,69,77,84,127,34,28,93,79,71,101,147,120,45,58,70,97,29,67,124,129,116,5,0,76,107,9,139,78,131,18,68,43,4,88,62,143,7,82,142,25,30,109,114,135,113,3,63,138,20,44,46,90,126,48,110,125,2,144,72"
61,"0.710688,0.538073","14,41,108,13,60,47,10,119,55,16,32,112,130,118,49,83,24,133,21,136,74,22,51,122,145,91,64,31,65,117,80,96,66,59,105,115,75,134,148,19,95,140,50,26,12,52,35,94,100,104,121,73,11,137,8,141,81,87,36,132,99,92,54,39,85,102,15,106,98,149,1,40,89,38,147,86,34,17,27,37,53,77,69,146,97,42,57,93,120,79,70,101,58,127,128,123,6,33,67,29,116,71,84,111,129,107,76,45,139,28,56,5,88,78,4,124,131,143,103,82,43,0,18,7,23,30,25,62,9,109,135,68,142,3,63,20,46,44,126,113,90,114,110,48,138,125,144,72,2"
126,"0.047772,0.690906","63,20,48,25,44,82,135,4,90,144,88,110,116,139,70,72,46,120,147,109,76,30,67,97,78,3,107,29,129,131,34,143,35,43,100,115,94,12,92,5,77,19,18,58,69,113,105,117,45,102,7,96,66,127,57,138,49,134,64,65,36,124,112,87,118,26,125,0,62,60,119,137,47,142,83,21,101,79,13,93,114,59,41,122,2,28,104,61,14,106,8,73,95,132,108,121,80,75,91,148,71,9,111,38,33,32,130,86,98,68,54,39,84,81,10,42,85,17,51,89,99,24,11,74,123,16,55,53,146,103,133,31,50,136,141,22,40,140,145,149,15,56,52,1,27,6,128,37,23"
29,"0.272131,0.434400","129,67,76,78,34,131,139,120,77,43,70,92,5,69,116,102,4,45,18,57,94,127,12,19,25,82,96,117,87,124,115,35,64,26,90,44,0,147,20,113,112,118,62,48,138,83,100,142,21,119,97,28,88,126,47,104,49,8,60,122,73,105,132,125,114,63,135,66,107,111,33,65,9,148,98,134,13,54,14,68,41,61,30,85,109,2,89,143,36,58,11,108,146,110,46,3,103,10,137,144,40,59,141,50,55,32,31,7,72,130,80,95,133,91,16,149,75,121,136,79,101,93,56,24,106,51,74,15,22,145,81,39,1,38,86,6,99,52,27,128,140,71,23,42,17,37,84,53,123"
